entry	pdb_id	cluster_id	is_representative	identity_to_representative	cdr_h3	resolution	is_her2
pdb_00009ezu-B	9ezu	0	True	1.000	AAGRWNRYGFEDQDNFDY	1.05	False
pdb_00002p45-B	2p45	1	True	1.000	AAGGYELRDRTYGQ	1.1	False
pdb_00002p47-B	2p47	1	False	1.000	AAGGYELRDRTYGQ	2.5	False
pdb_00007sak-B	7sak	2	True	1.000	AANLGNYISSNQRLYGY	1.15	False
pdb_00005imm-B	5imm	3	True	1.000	AAGRWDKYGSSFQDEYDY	1.2	False
pdb_00005imk-B	5imk	3	False	1.000	AAGRWDKYGSSFQDEYDY	1.227	False
pdb_00005iml-B	5iml	3	False	1.000	AAGRWDKYGSSFQDEYDY	1.8	False
pdb_00005imo-B	5imo	3	False	1.000	AAGRWDKYGSSFQDEYDY	2.1	False
pdb_00008qf3-A	8qf3	4	True	1.000	AARKPMYRVDISKGQNYDY	1.25	False
pdb_00008qf3-E	8qf3	4	False	1.000	AARKPMYRVDISKGQNYDY	1.25	False
pdb_000026ap-B	26ap	4	False	1.000	AARKPMYRVDISKGQNYDY	1.5	False
pdb_00007r1z-E	7r1z	4	False	1.000	AARKPMYRVDISKGQNYDY	1.94	False
pdb_00007r24-E	7r24	4	False	1.000	AARKPMYRVDISKGQNYDY	2.7	False
pdb_00007r23-B	7r23	4	False	1.000	AARKPMYRVDISKGQNYDY	2.77	False
pdb_00008im0-B	8im0	5	True	1.000	AMSRVDTDSPAFYDY	1.31	False
pdb_00002p49-B	2p49	1	False	0.983	AAGGYELRDRTYGQ	1.38	False
pdb_00002p43-B	2p43	1	False	0.983	AAGGYELRDRTYGQ	1.65	False
pdb_00002p42-B	2p42	1	False	0.983	AAGGYELRDRTYGQ	1.8	False
pdb_00002p42-D	2p42	1	False	0.983	AAGGYELRDRTYGQ	1.8	False
pdb_00001bzq-K	1bzq	1	False	0.983	AAGGYELRDRTYGQ	2.8	False
pdb_00001bzq-L	1bzq	1	False	0.983	AAGGYELRDRTYGQ	2.8	False
pdb_00001bzq-M	1bzq	1	False	0.983	AAGGYELRDRTYGQ	2.8	False
pdb_00001bzq-N	1bzq	1	False	0.983	AAGGYELRDRTYGQ	2.8	False
pdb_00006ir2-B	6ir2	6	True	1.000	AAAKSGTWWYQRSENDFGS	1.393	False
pdb_00007saj-B	7saj	6	False	1.000	AAAKSGTWWYQRSENDFGS	2.37	False
pdb_00007saj-D	7saj	6	False	1.000	AAAKSGTWWYQRSENDFGS	2.37	False
pdb_00007saj-F	7saj	6	False	1.000	AAAKSGTWWYQRSENDFGS	2.37	False
pdb_00007saj-H	7saj	6	False	1.000	AAAKSGTWWYQRSENDFGS	2.37	False
pdb_00007saj-J	7saj	6	False	1.000	AAAKSGTWWYQRSENDFGS	2.37	False
pdb_00007n0r-C	7n0r	7	True	1.000	AKYQAAVHQEKEDY	1.42	False
pdb_00007n0r-D	7n0r	7	False	1.000	AKYQAAVHQEKEDY	1.42	False
pdb_00009m6o-B	9m6o	8	True	1.000	AARDGIPTSRTVGSYNY	1.49	False
pdb_00009m6o-C	9m6o	8	False	1.000	AARDGIPTSRTVGSYNY	1.49	False
pdb_00001zvh-A	1zvh	9	True	1.000	AAARQGWYIPLNSYGYNY	1.5	False
pdb_00004kml-B	4kml	10	True	1.000	ARGLGIYIIRARGGYDH	1.5	False
pdb_00004n9o-B	4n9o	10	False	0.992	ARGLGIYIIRARGGYDH	1.5	False
pdb_00009etl-C	9etl	11	True	1.000	ARDSLLSTRYLHTSE	1.5	False
pdb_00009etl-D	9etl	11	False	1.000	ARDSLLSTRYLHTSE	1.5	False
pdb_00007oao-FFF	7oao	12	True	1.000	ALGVTAACSDNPYF	1.5	False
pdb_00007oau-FFF	7oau	12	False	1.000	ALGVTAACSDNPYF	1.65	False
pdb_00007oan-F	7oan	12	False	1.000	ALGVTAACSDNPYF	3.0	False
pdb_00007oan-G	7oan	12	False	1.000	ALGVTAACSDNPYF	3.0	False
pdb_00007oan-H	7oan	12	False	1.000	ALGVTAACSDNPYF	3.0	False
pdb_00009ho5-C	9ho5	13	True	1.000	NAVPPIVTVNATDY	1.5	False
pdb_00006xzu-A	6xzu	14	True	1.000	NLLGATTMINTK	1.5	False
pdb_00008qf5-A	8qf5	15	True	1.000	NVVKRGPQWGME	1.5	False
pdb_00008qf5-G	8qf5	15	False	1.000	NVVKRGPQWGME	1.5	False
pdb_00007f1g-D	7f1g	16	True	1.000	TSAGR	1.5	False
pdb_00004bel-E	4bel	16	False	1.000	TSAGR	1.85	False
pdb_00007d5u-D	7d5u	16	False	1.000	TSAGR	2.04	False
pdb_00003zlq-C	3zlq	16	False	1.000	TSAGR	2.1	False
pdb_00003zlq-D	3zlq	16	False	1.000	TSAGR	2.1	False
pdb_00003zks-D	3zks	16	False	1.000	TSAGR	2.11	False
pdb_00004bfb-D	4bfb	16	False	1.000	TSAGR	2.21	False
pdb_00004bfb-E	4bfb	16	False	1.000	TSAGR	2.21	False
pdb_00006dbg-C	6dbg	17	True	1.000	TLHRFCNTWSLGTLNV	1.51	False
pdb_00006dbf-B	6dbf	17	False	1.000	TLHRFCNTWSLGTLNV	1.55	False
pdb_00007z1d-FFF	7z1d	18	True	1.000	AGSKITRSLLSDYATWPYDY	1.55	False
pdb_00005c2u-B	5c2u	19	True	1.000	AADRRQRWGPYYYLSALEYVY	1.55	False
pdb_00007oaq-AAA	7oaq	20	True	1.000	AAGRFAGRDTWPSSYDY	1.55	False
pdb_00007oap-AAA	7oap	20	False	1.000	AAGRFAGRDTWPSSYDY	1.901	False
pdb_00008cii-C	8cii	20	False	1.000	AAGRFAGRDTWPSSYDY	2.7	False
pdb_00007o31-X	7o31	21	True	1.000	AIDSDTFYSGSYDY	1.55	False
pdb_00007nbb-D	7nbb	22	True	1.000	AAGIVGDVVGWIYYLY	1.55	False
pdb_00009pzz-A	9pzz	4	False	0.992	AARKPMYRVDISKGQNYDY	1.56	False
pdb_00009pzz-C	9pzz	4	False	0.992	AARKPMYRVDISKGQNYDY	1.56	False
pdb_00009q00-A	9q00	4	False	0.992	AARKPMYRVDISKGQNYDY	2.84	False
pdb_00009q00-C	9q00	4	False	0.992	AARKPMYRVDISKGQNYDY	2.84	False
pdb_00006u12-B	6u12	17	False	0.984	TLHRFANTWSLGTLNV	1.56	False
pdb_00008ybo-B	8ybo	23	True	1.000	AKSKYPKYVPTWPPLLDEHDY	1.59	False
pdb_00008ybo-D	8ybo	23	False	1.000	AKSKYPKYVPTWPPLLDEHDY	1.59	False
pdb_00007z1e-FFF	7z1e	24	True	1.000	ARTEYVSYLLSDYATWPYDY	1.59	False
pdb_00007eow-B	7eow	25	True	1.000	AAAGVRAEDGRVRTLPSEYTF	1.6	False
pdb_00008q95-B	8q95	26	True	1.000	AADEAYYHERGWQSPLGWPY	1.6	False
pdb_00005m14-C	5m14	27	True	1.000	AAAEWGSQSPLTQWFYRY	1.6	False
pdb_00009t5q-C	9t5q	28	True	1.000	AAAYEGDTSPLYYEEYGY	1.6	False
pdb_00009t5q-I	9t5q	28	False	1.000	AAAYEGDTSPLYYEEYGY	1.6	False
pdb_00007o06-B	7o06	29	True	1.000	NAARPLRPEGGRWLNY	1.6	False
pdb_00001kxv-C	1kxv	30	True	1.000	KPSLRYGLPGCPIIP	1.6	False
pdb_00001kxv-D	1kxv	30	False	1.000	KPSLRYGLPGCPIIP	1.6	False
pdb_00007o4y-K	7o4y	31	True	1.000	XXXXXXXXXXXXXX	1.6	False
pdb_00006o28-G	6o28	31	False	1.000	XXXXXXXXXXXXXX	1.93	False
pdb_00006o28-K	6o28	31	False	1.000	XXXXXXXXXXXXXX	1.93	False
pdb_00006o2c-K	6o2c	31	False	1.000	XXXXXXXXXXXXXX	2.017	False
pdb_00006o2b-E	6o2b	31	False	1.000	XXXXXXXXXXXXXX	2.1	False
pdb_00006o2b-J	6o2b	31	False	1.000	XXXXXXXXXXXXXX	2.1	False
pdb_00006o2b-M	6o2b	31	False	1.000	XXXXXXXXXXXXXX	2.1	False
pdb_00006o2b-N	6o2b	31	False	1.000	XXXXXXXXXXXXXX	2.1	False
pdb_00006o2a-M	6o2a	31	False	1.000	XXXXXXXXXXXXXX	2.15	False
pdb_00007uym-K	7uym	31	False	1.000	XXXXXXXXXXXXXX	2.2	False
pdb_00009fxt-K	9fxt	31	False	1.000	XXXXXXXXXXXXXX	2.3	False
pdb_00006o29-E	6o29	31	False	1.000	XXXXXXXXXXXXXX	2.4	False
pdb_00007joo-K	7joo	31	False	1.000	XXXXXXXXXXXXXX	2.4	False
pdb_00006o25-C	6o25	31	False	1.000	XXXXXXXXXXXXXX	2.9	False
pdb_00006o25-G	6o25	31	False	1.000	XXXXXXXXXXXXXX	2.9	False
pdb_00006o25-K	6o25	31	False	1.000	XXXXXXXXXXXXXX	2.9	False
pdb_00001kxq-E	1kxq	32	True	1.000	ATGNSVRLASWEGYFY	1.6	False
pdb_00001kxq-F	1kxq	32	False	1.000	ATGNSVRLASWEGYFY	1.6	False
pdb_00001kxq-G	1kxq	32	False	1.000	ATGNSVRLASWEGYFY	1.6	False
pdb_00001kxq-H	1kxq	32	False	1.000	ATGNSVRLASWEGYFY	1.6	False
pdb_00008en6-C	8en6	33	True	1.000	NRAKPPTYYSLEP	1.6	False
pdb_00008en6-D	8en6	33	False	1.000	NRAKPPTYYSLEP	1.6	False
pdb_00008q95-C	8q95	34	True	1.000	EVNEGVPVREY	1.6	False
pdb_00006u54-A	6u54	35	True	1.000	RLYAEAIY	1.6	False
pdb_00003g9a-B	3g9a	36	True	1.000	AADSGTQLGYVGAVGLSCLDYVMDY	1.614	False
pdb_00001zvy-A	1zvy	37	True	1.000	GATRKYVPVRFALDQSSYDY	1.63	False
pdb_00007czd-C	7czd	38	True	1.000	AKDPGGYA	1.64	False
pdb_00008yj8-D	8yj8	39	True	1.000	AAFPYSDYCPDSDDFLQH	1.65	False
pdb_00004hem-E	4hem	40	True	1.000	AAGDNYYYTRTYEYDY	1.65	False
pdb_00004hem-F	4hem	40	False	1.000	AAGDNYYYTRTYEYDY	1.65	False
pdb_00004hem-G	4hem	40	False	1.000	AAGDNYYYTRTYEYDY	1.65	False
pdb_000010zo-A	10zo	41	True	1.000	AQGWGIASMRY	1.65	False
pdb_000010zo-C	10zo	41	False	1.000	AQGWGIASMRY	1.65	False
pdb_00006app-A	6app	41	False	1.000	AQGWGIASMRY	1.75	False
pdb_00004lgr-B	4lgr	42	True	1.000	NADEAGIGGFNDY	1.65	False
pdb_00008h3x-A	8h3x	43	True	1.000	AIPKRTYVPPSQFDD	1.66	False
pdb_00007d6y-B	7d6y	44	True	1.000	GRVAKDLNSSSPSFVVNTYSSFGFDY	1.668	False
pdb_00006lr7-B	6lr7	45	True	1.000	SARSRGYVLSVLRSVDSYDY	1.67	False
pdb_00005l21-B	5l21	46	True	1.000	NVGEF	1.68	False
pdb_00007nfq-C	7nfq	47	True	1.000	VQGRNWPYDY	1.68	False
pdb_00007nfq-D	7nfq	47	False	1.000	VQGRNWPYDY	1.68	False
pdb_00008f6u-A	8f6u	48	True	1.000	NGASDIGALQSGASSWS	1.7	False
pdb_00008f6u-B	8f6u	48	False	1.000	NGASDIGALQSGASSWS	1.7	False
pdb_00005n88-A	5n88	49	True	1.000	ARGGWALGDEIPSSFLEFDY	1.7	False
pdb_00005n88-H	5n88	49	False	1.000	ARGGWALGDEIPSSFLEFDY	1.7	False
pdb_00005j57-B	5j57	50	True	1.000	AADLEYSQIMPSCRGSYGV	1.7	False
pdb_00005vak-B	5vak	51	True	1.000	AARRINEVLTTAPDYDF	1.7	False
pdb_00005van-B	5van	51	False	1.000	AARRINEVLTTAPDYDF	2.202	False
pdb_00005vaq-B	5vaq	51	False	1.000	AARRINEVLTTAPDYDF	2.606	False
pdb_00007o0s-A	7o0s	52	True	1.000	NAVAVAGRAFSY	1.7	False
pdb_00007o3b-A	7o3b	52	False	1.000	NAVAVAGRAFSY	2.4	False
pdb_00007o3b-B	7o3b	52	False	1.000	NAVAVAGRAFSY	2.4	False
pdb_00007o3b-C	7o3b	52	False	1.000	NAVAVAGRAFSY	2.4	False
pdb_00004x7f-D	4x7f	53	True	1.000	NRGISNP	1.7	False
pdb_00008cwu-B	8cwu	54	True	1.000	AQGGWGLTQPISVDY	1.71	False
pdb_00005o02-C	5o02	55	True	1.000	NARRDYGDSWFTAGGGY	1.72	False
pdb_00009erw-E	9erw	56	True	1.000	AADADPEYGSRCPDPYYGMDY	1.73	False
pdb_00008owv-FFF	8owv	57	True	1.000	ATDLGGYCSDSNYPRAW	1.73	False
pdb_00007ozt-AAA	7ozt	58	True	1.000	NFAPGLQSVRSGS	1.74	False
pdb_00008c3k-B	8c3k	59	True	1.000	TTRGY	1.74972472153	False
pdb_00004hep-G	4hep	60	True	1.000	AAGRFVTFGSAWSFVGGGPYGIDY	1.75	False
pdb_00004ej1-C	4ej1	61	True	1.000	AADGSQYRSTYSFRDKPDYGS	1.75	False
pdb_00004ej1-D	4ej1	61	False	1.000	AADGSQYRSTYSFRDKPDYGS	1.75	False
pdb_00004eiz-C	4eiz	61	False	1.000	AADGSQYRSTYSFRDKPDYGS	2.2	False
pdb_00004eiz-D	4eiz	61	False	1.000	AADGSQYRSTYSFRDKPDYGS	2.2	False
pdb_00004nbz-B	4nbz	62	True	1.000	AVNSQRTRLQDPNEYDY	1.75	False
pdb_00004nbz-D	4nbz	62	False	1.000	AVNSQRTRLQDPNEYDY	1.75	False
pdb_00004nc0-B	4nc0	62	False	1.000	AVNSQRTRLQDPNEYDY	2.3	False
pdb_00004nc1-E	4nc1	62	False	1.000	AVNSQRTRLQDPNEYDY	2.61	False
pdb_00004nc1-F	4nc1	62	False	1.000	AVNSQRTRLQDPNEYDY	2.61	False
pdb_00007vfa-D	7vfa	63	True	1.000	AATYLLRFASLSATNFPY	1.75	False
pdb_00004nbx-B	4nbx	64	True	1.000	AAAPYGANWYRDEYAY	1.75	False
pdb_00004nby-B	4nby	64	False	1.000	AAAPYGANWYRDEYAY	2.08	False
pdb_00004nby-C	4nby	64	False	1.000	AAAPYGANWYRDEYAY	2.08	False
pdb_00004nc1-C	4nc1	64	False	1.000	AAAPYGANWYRDEYAY	2.61	False
pdb_00004nc1-D	4nc1	64	False	1.000	AAAPYGANWYRDEYAY	2.61	False
pdb_00007olz-B	7olz	65	True	1.000	AAASDYGLPREDFLYDY	1.75	False
pdb_00004pou-B	4pou	66	True	1.000	AAGGYQLRDRTYGH	1.75	False
pdb_00003qsk-B	3qsk	67	True	1.000	AAGGHHLRDHTYGQ	1.75	False
pdb_00009ty2-B	9ty2	68	True	1.000	MRRGLPAY	1.75	False
pdb_00009gv3-E	9gv3	69	True	1.000	ALDTTDRYDSANGRYYCTISSDTYAY	1.751	False
pdb_00009gv3-F	9gv3	69	False	1.000	ALDTTDRYDSANGRYYCTISSDTYAY	1.751	False
pdb_00009gv3-G	9gv3	69	False	1.000	ALDTTDRYDSANGRYYCTISSDTYAY	1.751	False
pdb_00009gv3-H	9gv3	69	False	1.000	ALDTTDRYDSANGRYYCTISSDTYAY	1.751	False
pdb_00007r73-A	7r73	70	True	1.000	AAKWRPLRYSDNPSNSDYNY	1.76	False
pdb_00008pih-B	8pih	71	True	1.000	AAEGSRGSSTRLDARGTYDY	1.76	False
pdb_00009ho4-C	9ho4	72	True	1.000	NSVPPAPGEYGRDY	1.76	False
pdb_00008pih-C	8pih	73	True	1.000	NAQFLSSRTNY	1.76	False
pdb_00007jkm-K	7jkm	21	False	0.983	AIDSDTFYSGSYDY	1.78	False
pdb_00007voa-A	7voa	74	True	1.000	APVSHTVVAGCAFEAWTDFGS	1.8	False
pdb_00008s0l-B	8s0l	75	True	1.000	AGRVGGRRNWIVPLDGYDNAY	1.8	False
pdb_00008s0n-B	8s0n	75	False	1.000	AGRVGGRRNWIVPLDGYDNAY	2.3	False
pdb_00008s0n-D	8s0n	75	False	1.000	AGRVGGRRNWIVPLDGYDNAY	2.3	False
pdb_00009y3i-E	9y3i	76	True	1.000	AKAIRLTTDRTQCVAFPGVS	1.8	False
pdb_00009y3i-F	9y3i	76	False	1.000	AKAIRLTTDRTQCVAFPGVS	1.8	False
pdb_00008f6v-A	8f6v	76	False	1.000	AKAIRLTTDRTQCVAFPGVS	2.3	False
pdb_00008f6v-B	8f6v	76	False	1.000	AKAIRLTTDRTQCVAFPGVS	2.3	False
pdb_00007x2m-B	7x2m	77	True	1.000	AGSRPSAHYCSHYPTEYDD	1.8	False
pdb_00002p44-B	2p44	1	False	0.983	AAGGYELRDRTYGQ	1.8	False
pdb_00004lhj-B	4lhj	78	True	1.000	SATFGSRWPYAHSDH	1.8	False
pdb_00009y3i-C	9y3i	79	True	1.000	NAAILAYTGEVTNY	1.8	False
pdb_00009y3i-D	9y3i	79	False	1.000	NAAILAYTGEVTNY	1.8	False
pdb_00008ee2-C	8ee2	79	False	1.000	NAAILAYTGEVTNY	2.4	False
pdb_00008ee2-D	8ee2	79	False	1.000	NAAILAYTGEVTNY	2.4	False
pdb_00008ee2-G	8ee2	79	False	1.000	NAAILAYTGEVTNY	2.4	False
pdb_00008ee2-H	8ee2	79	False	1.000	NAAILAYTGEVTNY	2.4	False
pdb_00008ee2-K	8ee2	79	False	1.000	NAAILAYTGEVTNY	2.4	False
pdb_00008ee2-L	8ee2	79	False	1.000	NAAILAYTGEVTNY	2.4	False
pdb_00009h1f-B	9h1f	80	True	1.000	VRVGAEY	1.8	False
pdb_00009g2g-D	9g2g	81	True	1.000	AADPWDSGYGCYLDYDY	1.80048236056	False
pdb_00008w90-A	8w90	82	True	1.000	AADLRGGSIYGTADYVY	1.81	False
pdb_00008w90-C	8w90	82	False	1.000	AADLRGGSIYGTADYVY	1.81	False
pdb_00008w90-E	8w90	82	False	1.000	AADLRGGSIYGTADYVY	1.81	False
pdb_00007ubx-C	7ubx	83	True	1.000	ARGRVISASAIRGAV	1.81	False
pdb_00007ubx-D	7ubx	83	False	1.000	ARGRVISASAIRGAV	1.81	False
pdb_00005ip4-A	5ip4	84	True	1.000	ALENYY	1.81	False
pdb_00005ip4-B	5ip4	84	False	1.000	ALENYY	1.81	False
pdb_00008opr-C	8opr	85	True	1.000	ARRLNWRFISNWDKESEYAY	1.811	False
pdb_000027uh-A	27uh	86	True	1.000	AAARVLGGTTERA	1.82	False
pdb_00009wpi-B	9wpi	87	True	1.000	TVKVGAEY	1.82	False
pdb_00009g5l-B	9g5l	88	True	1.000	AADSYLLEFCGYYSGSSYSGPASGRLDY	1.82220379062	False
pdb_00007xtp-C	7xtp	44	False	0.962	GRVAKALNSRSPSFVVNTYSSIGFDY	1.828	False
pdb_00007xtp-D	7xtp	44	False	0.962	GRVAKALNSRSPSFVVNTYSSIGFDY	1.828	False
pdb_00009fww-B	9fww	89	True	1.000	AAQSSSRSPLESNYDY	1.844	False
pdb_00007now-A	7now	90	True	1.000	ASAASSAAYSGAYYYTSYYDY	1.85	False
pdb_00007now-C	7now	90	False	1.000	ASAASSAAYSGAYYYTSYYDY	1.85	False
pdb_00008en2-C	8en2	91	True	1.000	AAKMGRRLAVSRTLEEYDF	1.85	False
pdb_00008en2-D	8en2	91	False	1.000	AAKMGRRLAVSRTLEEYDF	1.85	False
pdb_00008gjr-A	8gjr	92	True	1.000	NAKILLVASTDDY	1.85	False
pdb_00008u3s-B	8u3s	93	True	1.000	AYSDPYQPMSY	1.85	False
pdb_00008be3-B	8be3	94	True	1.000	RLGADY	1.85	False
pdb_00008be3-C	8be3	94	False	1.000	RLGADY	1.85	False
pdb_00007z1x-C	7z1x	95	True	1.000	ARVCIRGPEPKLRCDD	1.86	False
pdb_00007z1x-F	7z1x	95	False	1.000	ARVCIRGPEPKLRCDD	1.86	False
pdb_00001op9-A	1op9	96	True	1.000	AATEVAGWPLDIGIYDY	1.86	False
pdb_00008a67-D	8a67	22	False	0.967	AAGIVGDEVGWIYYLY	1.86	False
pdb_00008a67-H	8a67	22	False	0.967	AAGIVGDEVGWIYYLY	1.86	False
pdb_00007z1x-B	7z1x	97	True	1.000	NLERYTGSSVYP	1.86	False
pdb_00007z1x-E	7z1x	97	False	1.000	NLERYTGSSVYP	1.86	False
pdb_00007kn5-D	7kn5	98	True	1.000	ALTVGTYYSGNYHYTCSDDMDY	1.87	False
pdb_00007b18-D	7b18	98	False	1.000	ALTVGTYYSGNYHYTCSDDMDY	2.62	False
pdb_00007b18-F	7b18	98	False	1.000	ALTVGTYYSGNYHYTCSDDMDY	2.62	False
pdb_00007b18-H	7b18	98	False	1.000	ALTVGTYYSGNYHYTCSDDMDY	2.62	False
pdb_00007kn5-F	7kn5	99	True	1.000	AAQSGSYYWCGSDWHEYEY	1.87	False
pdb_00004w6x-B	4w6x	100	True	1.000	ALSSNSVCPPGHVAWYND	1.88	False
pdb_00006zrv-B	6zrv	101	True	1.000	AADYGSSWCTFNGMDY	1.88	False
pdb_00004wen-B	4wen	102	True	1.000	AATDWGTLLIKGIDH	1.89	False
pdb_00002xv6-B	2xv6	103	True	1.000	KASGSS	1.89	False
pdb_00002xv6-D	2xv6	103	False	1.000	KASGSS	1.89	False
pdb_00008f0k-N	8f0k	104	True	1.000	ARCPAPFTRDCFDVTSTTYAY	1.9	False
pdb_00009ydq-N	9ydq	104	False	1.000	ARCPAPFTRDCFDVTSTTYAY	1.94	False
pdb_00007mbx-N	7mbx	104	False	1.000	ARCPAPFTRDCFDVTSTTYAY	1.95	False
pdb_00009ydp-N	9ydp	104	False	1.000	ARCPAPFTRDCFDVTSTTYAY	1.95	False
pdb_00008f0j-N	8f0j	104	False	1.000	ARCPAPFTRDCFDVTSTTYAY	2.0	False
pdb_00008f2b-N	8f2b	104	False	1.000	ARCPAPFTRDCFDVTSTTYAY	2.0	False
pdb_00009xxt-N	9xxt	104	False	1.000	ARCPAPFTRDCFDVTSTTYAY	2.0	False
pdb_00009ejz-N	9ejz	104	False	1.000	ARCPAPFTRDCFDVTSTTYAY	2.06	False
pdb_00006x18-N	6x18	104	False	1.000	ARCPAPFTRDCFDVTSTTYAY	2.1	False
pdb_00006x19-N	6x19	104	False	1.000	ARCPAPFTRDCFDVTSTTYAY	2.1	False
pdb_00007rtb-N	7rtb	104	False	1.000	ARCPAPFTRDCFDVTSTTYAY	2.14	False
pdb_00009ydr-N	9ydr	104	False	1.000	ARCPAPFTRDCFDVTSTTYAY	2.14	False
pdb_00007tyf-N	7tyf	104	False	1.000	ARCPAPFTRDCFDVTSTTYAY	2.2	False
pdb_00008f2a-N	8f2a	104	False	1.000	ARCPAPFTRDCFDVTSTTYAY	2.2	False
pdb_00009bp3-N	9bp3	104	False	1.000	ARCPAPFTRDCFDVTSTTYAY	2.2	False
pdb_00009mze-N	9mze	104	False	1.000	ARCPAPFTRDCFDVTSTTYAY	2.2	False
pdb_00009n05-N	9n05	104	False	1.000	ARCPAPFTRDCFDVTSTTYAY	2.2	False
pdb_00006uva-N	6uva	104	False	1.000	ARCPAPFTRDCFDVTSTTYAY	2.3	False
pdb_00006wzg-N	6wzg	104	False	1.000	ARCPAPFTRDCFDVTSTTYAY	2.3	False
pdb_00008e3x-N	8e3x	104	False	1.000	ARCPAPFTRDCFDVTSTTYAY	2.3	False
pdb_00008e3y-N	8e3y	104	False	1.000	ARCPAPFTRDCFDVTSTTYAY	2.3	False
pdb_00009bub-N	9bub	104	False	1.000	ARCPAPFTRDCFDVTSTTYAY	2.3	False
pdb_00009n04-N	9n04	104	False	1.000	ARCPAPFTRDCFDVTSTTYAY	2.3	False
pdb_00009n0e-N	9n0e	104	False	1.000	ARCPAPFTRDCFDVTSTTYAY	2.3	False
pdb_00009byo-N	9byo	104	False	1.000	ARCPAPFTRDCFDVTSTTYAY	2.31	False
pdb_00007wcm-N	7wcm	104	False	1.000	ARCPAPFTRDCFDVTSTTYAY	2.33	False
pdb_00009ije-N	9ije	104	False	1.000	ARCPAPFTRDCFDVTSTTYAY	2.34	False
pdb_00008zvz-N	8zvz	104	False	1.000	ARCPAPFTRDCFDVTSTTYAY	2.35	False
pdb_00009jco-N	9jco	104	False	1.000	ARCPAPFTRDCFDVTSTTYAY	2.36	False
pdb_00006uus-N	6uus	104	False	1.000	ARCPAPFTRDCFDVTSTTYAY	2.4	False
pdb_00007tzf-N	7tzf	104	False	1.000	ARCPAPFTRDCFDVTSTTYAY	2.4	False
pdb_00007utz-N	7utz	104	False	1.000	ARCPAPFTRDCFDVTSTTYAY	2.4	False
pdb_00007xkd-N	7xkd	104	False	1.000	ARCPAPFTRDCFDVTSTTYAY	2.4	False
pdb_00007xkf-N	7xkf	104	False	1.000	ARCPAPFTRDCFDVTSTTYAY	2.4	False
pdb_00008wst-N	8wst	104	False	1.000	ARCPAPFTRDCFDVTSTTYAY	2.4	False
pdb_00009auc-N	9auc	104	False	1.000	ARCPAPFTRDCFDVTSTTYAY	2.4	False
pdb_00007s1m-N	7s1m	104	False	1.000	ARCPAPFTRDCFDVTSTTYAY	2.41	False
pdb_00008x79-N	8x79	104	False	1.000	ARCPAPFTRDCFDVTSTTYAY	2.41	False
pdb_00009wg6-N	9wg6	104	False	1.000	ARCPAPFTRDCFDVTSTTYAY	2.44	False
pdb_00009au0-N	9au0	104	False	1.000	ARCPAPFTRDCFDVTSTTYAY	2.45	False
pdb_00006x1a-N	6x1a	104	False	1.000	ARCPAPFTRDCFDVTSTTYAY	2.5	False
pdb_00007duq-N	7duq	104	False	1.000	ARCPAPFTRDCFDVTSTTYAY	2.5	False
pdb_00007evm-N	7evm	104	False	1.000	ARCPAPFTRDCFDVTSTTYAY	2.5	False
pdb_00007ki0-N	7ki0	104	False	1.000	ARCPAPFTRDCFDVTSTTYAY	2.5	False
pdb_00007ki1-N	7ki1	104	False	1.000	ARCPAPFTRDCFDVTSTTYAY	2.5	False
pdb_00008dcs-N	8dcs	104	False	1.000	ARCPAPFTRDCFDVTSTTYAY	2.5	False
pdb_00008u26-N	8u26	104	False	1.000	ARCPAPFTRDCFDVTSTTYAY	2.5	False
pdb_00009bud-N	9bud	104	False	1.000	ARCPAPFTRDCFDVTSTTYAY	2.5	False
pdb_00009gyo-N	9gyo	104	False	1.000	ARCPAPFTRDCFDVTSTTYAY	2.5	False
pdb_00009mxu-N	9mxu	104	False	1.000	ARCPAPFTRDCFDVTSTTYAY	2.5	False
pdb_00009mzf-N	9mzf	104	False	1.000	ARCPAPFTRDCFDVTSTTYAY	2.5	False
pdb_00007s3i-N	7s3i	104	False	1.000	ARCPAPFTRDCFDVTSTTYAY	2.51	False
pdb_00008xir-D	8xir	104	False	1.000	ARCPAPFTRDCFDVTSTTYAY	2.52	False
pdb_00009uy3-N	9uy3	104	False	1.000	ARCPAPFTRDCFDVTSTTYAY	2.52	False
pdb_00009xjw-N	9xjw	104	False	1.000	ARCPAPFTRDCFDVTSTTYAY	2.53	False
pdb_00008wg7-N	8wg7	104	False	1.000	ARCPAPFTRDCFDVTSTTYAY	2.54	False
pdb_00007tyx-N	7tyx	104	False	1.000	ARCPAPFTRDCFDVTSTTYAY	2.55	False
pdb_00008flq-N	8flq	104	False	1.000	ARCPAPFTRDCFDVTSTTYAY	2.55	False
pdb_00009jcp-N	9jcp	104	False	1.000	ARCPAPFTRDCFDVTSTTYAY	2.55	False
pdb_00008x7a-N	8x7a	104	False	1.000	ARCPAPFTRDCFDVTSTTYAY	2.56	False
pdb_00008yn3-N	8yn3	104	False	1.000	ARCPAPFTRDCFDVTSTTYAY	2.56	False
pdb_00008zf9-N	8zf9	104	False	1.000	ARCPAPFTRDCFDVTSTTYAY	2.56	False
pdb_00008jir-N	8jir	104	False	1.000	ARCPAPFTRDCFDVTSTTYAY	2.57	False
pdb_00008jr9-N	8jr9	104	False	1.000	ARCPAPFTRDCFDVTSTTYAY	2.57	False
pdb_00009n09-N	9n09	104	False	1.000	ARCPAPFTRDCFDVTSTTYAY	2.57	False
pdb_00007piu-N	7piu	104	False	1.000	ARCPAPFTRDCFDVTSTTYAY	2.58	False
pdb_00008iod-N	8iod	104	False	1.000	ARCPAPFTRDCFDVTSTTYAY	2.59	False
pdb_00008yg4-N	8yg4	104	False	1.000	ARCPAPFTRDCFDVTSTTYAY	2.59	False
pdb_00009jcq-N	9jcq	104	False	1.000	ARCPAPFTRDCFDVTSTTYAY	2.59	False
pdb_00009m2o-N	9m2o	104	False	1.000	ARCPAPFTRDCFDVTSTTYAY	2.59	False
pdb_00009wg0-N	9wg0	104	False	1.000	ARCPAPFTRDCFDVTSTTYAY	2.59	False
pdb_00007dw9-N	7dw9	104	False	1.000	ARCPAPFTRDCFDVTSTTYAY	2.6	False
pdb_00007jjo-N	7jjo	104	False	1.000	ARCPAPFTRDCFDVTSTTYAY	2.6	False
pdb_00007tyn-N	7tyn	104	False	1.000	ARCPAPFTRDCFDVTSTTYAY	2.6	False
pdb_00007v9l-N	7v9l	104	False	1.000	ARCPAPFTRDCFDVTSTTYAY	2.6	False
pdb_00007wq4-N	7wq4	104	False	1.000	ARCPAPFTRDCFDVTSTTYAY	2.6	False
pdb_00008dcr-N	8dcr	104	False	1.000	ARCPAPFTRDCFDVTSTTYAY	2.6	False
pdb_00008w88-N	8w88	104	False	1.000	ARCPAPFTRDCFDVTSTTYAY	2.6	False
pdb_00008xof-N	8xof	104	False	1.000	ARCPAPFTRDCFDVTSTTYAY	2.6	False
pdb_00009n29-N	9n29	104	False	1.000	ARCPAPFTRDCFDVTSTTYAY	2.6	False
pdb_00009wpm-N	9wpm	104	False	1.000	ARCPAPFTRDCFDVTSTTYAY	2.6	False
pdb_00007x8r-N	7x8r	104	False	1.000	ARCPAPFTRDCFDVTSTTYAY	2.61	False
pdb_00009llj-N	9llj	104	False	1.000	ARCPAPFTRDCFDVTSTTYAY	2.61	False
pdb_00008ha0-N	8ha0	104	False	1.000	ARCPAPFTRDCFDVTSTTYAY	2.62	False
pdb_00009ee8-E	9ee8	104	False	1.000	ARCPAPFTRDCFDVTSTTYAY	2.63	False
pdb_00009v2n-N	9v2n	104	False	1.000	ARCPAPFTRDCFDVTSTTYAY	2.63	False
pdb_000027xk-N	27xk	104	False	1.000	ARCPAPFTRDCFDVTSTTYAY	2.64	False
pdb_00009llf-N	9llf	104	False	1.000	ARCPAPFTRDCFDVTSTTYAY	2.64	False
pdb_00008xio-D	8xio	104	False	1.000	ARCPAPFTRDCFDVTSTTYAY	2.65	False
pdb_00009weu-N	9weu	104	False	1.000	ARCPAPFTRDCFDVTSTTYAY	2.65	False
pdb_00009jkq-N	9jkq	104	False	1.000	ARCPAPFTRDCFDVTSTTYAY	2.66	False
pdb_00008iuk-N	8iuk	104	False	1.000	ARCPAPFTRDCFDVTSTTYAY	2.67	False
pdb_00008yw3-N	8yw3	104	False	1.000	ARCPAPFTRDCFDVTSTTYAY	2.68	False
pdb_00009e9s-N	9e9s	104	False	1.000	ARCPAPFTRDCFDVTSTTYAY	2.68	False
pdb_00007f4h-N	7f4h	104	False	1.000	ARCPAPFTRDCFDVTSTTYAY	2.7	False
pdb_00007tyo-N	7tyo	104	False	1.000	ARCPAPFTRDCFDVTSTTYAY	2.7	False
pdb_00008e3z-N	8e3z	104	False	1.000	ARCPAPFTRDCFDVTSTTYAY	2.7	False
pdb_00008yut-N	8yut	104	False	1.000	ARCPAPFTRDCFDVTSTTYAY	2.7	False
pdb_00008wg8-N	8wg8	104	False	1.000	ARCPAPFTRDCFDVTSTTYAY	2.71	False
pdb_00008xiq-D	8xiq	104	False	1.000	ARCPAPFTRDCFDVTSTTYAY	2.71	False
pdb_00008yfo-N	8yfo	104	False	1.000	ARCPAPFTRDCFDVTSTTYAY	2.71	False
pdb_00009m0x-N	9m0x	104	False	1.000	ARCPAPFTRDCFDVTSTTYAY	2.71	False
pdb_00008zw0-N	8zw0	104	False	1.000	ARCPAPFTRDCFDVTSTTYAY	2.72	False
pdb_00009c0k-N	9c0k	104	False	1.000	ARCPAPFTRDCFDVTSTTYAY	2.72	False
pdb_00009m40-N	9m40	104	False	1.000	ARCPAPFTRDCFDVTSTTYAY	2.72	False
pdb_00009llh-N	9llh	104	False	1.000	ARCPAPFTRDCFDVTSTTYAY	2.73	False
pdb_00007vqx-N	7vqx	104	False	1.000	ARCPAPFTRDCFDVTSTTYAY	2.74	False
pdb_00008smv-N	8smv	104	False	1.000	ARCPAPFTRDCFDVTSTTYAY	2.74	False
pdb_00008ywf-N	8ywf	104	False	1.000	ARCPAPFTRDCFDVTSTTYAY	2.74	False
pdb_00009m0z-N	9m0z	104	False	1.000	ARCPAPFTRDCFDVTSTTYAY	2.74	False
pdb_00009m3q-N	9m3q	104	False	1.000	ARCPAPFTRDCFDVTSTTYAY	2.74	False
pdb_00007xv3-N	7xv3	104	False	1.000	ARCPAPFTRDCFDVTSTTYAY	2.76	False
pdb_00008flu-N	8flu	104	False	1.000	ARCPAPFTRDCFDVTSTTYAY	2.76	False
pdb_00008jiu-N	8jiu	104	False	1.000	ARCPAPFTRDCFDVTSTTYAY	2.76	False
pdb_00009ijd-N	9ijd	104	False	1.000	ARCPAPFTRDCFDVTSTTYAY	2.76	False
pdb_00009jh5-N	9jh5	104	False	1.000	ARCPAPFTRDCFDVTSTTYAY	2.76	False
pdb_00007y3g-N	7y3g	104	False	1.000	ARCPAPFTRDCFDVTSTTYAY	2.77	False
pdb_00009lrb-N	9lrb	104	False	1.000	ARCPAPFTRDCFDVTSTTYAY	2.77	False
pdb_00007xw6-N	7xw6	104	False	1.000	ARCPAPFTRDCFDVTSTTYAY	2.78	False
pdb_00009m2s-N	9m2s	104	False	1.000	ARCPAPFTRDCFDVTSTTYAY	2.78	False
pdb_00008ww2-N	8ww2	104	False	1.000	ARCPAPFTRDCFDVTSTTYAY	2.79	False
pdb_00006pb1-N	6pb1	104	False	1.000	ARCPAPFTRDCFDVTSTTYAY	2.8	False
pdb_00007cx2-N	7cx2	104	False	1.000	ARCPAPFTRDCFDVTSTTYAY	2.8	False
pdb_00007cx3-N	7cx3	104	False	1.000	ARCPAPFTRDCFDVTSTTYAY	2.8	False
pdb_00007f16-N	7f16	104	False	1.000	ARCPAPFTRDCFDVTSTTYAY	2.8	False
pdb_00007kh0-N	7kh0	104	False	1.000	ARCPAPFTRDCFDVTSTTYAY	2.8	False
pdb_00007vvl-N	7vvl	104	False	1.000	ARCPAPFTRDCFDVTSTTYAY	2.8	False
pdb_00007wu2-N	7wu2	104	False	1.000	ARCPAPFTRDCFDVTSTTYAY	2.8	False
pdb_00007xz6-N	7xz6	104	False	1.000	ARCPAPFTRDCFDVTSTTYAY	2.8	False
pdb_00008i2g-N	8i2g	104	False	1.000	ARCPAPFTRDCFDVTSTTYAY	2.8	False
pdb_00008w87-N	8w87	104	False	1.000	ARCPAPFTRDCFDVTSTTYAY	2.8	False
pdb_00008w8a-N	8w8a	104	False	1.000	ARCPAPFTRDCFDVTSTTYAY	2.8	False
pdb_00008zsj-N	8zsj	104	False	1.000	ARCPAPFTRDCFDVTSTTYAY	2.8	False
pdb_00009bhl-N	9bhl	104	False	1.000	ARCPAPFTRDCFDVTSTTYAY	2.8	False
pdb_00009bip-N	9bip	104	False	1.000	ARCPAPFTRDCFDVTSTTYAY	2.8	False
pdb_00009bq3-N	9bq3	104	False	1.000	ARCPAPFTRDCFDVTSTTYAY	2.8	False
pdb_00009m1p-N	9m1p	104	False	1.000	ARCPAPFTRDCFDVTSTTYAY	2.8	False
pdb_000026xh-N	26xh	104	False	1.000	ARCPAPFTRDCFDVTSTTYAY	2.82	False
pdb_00008zrk-N	8zrk	104	False	1.000	ARCPAPFTRDCFDVTSTTYAY	2.82	False
pdb_00009vmg-N	9vmg	104	False	1.000	ARCPAPFTRDCFDVTSTTYAY	2.82	False
pdb_00009w2j-N	9w2j	104	False	1.000	ARCPAPFTRDCFDVTSTTYAY	2.82	False
pdb_00007wy5-N	7wy5	104	False	1.000	ARCPAPFTRDCFDVTSTTYAY	2.83	False
pdb_00007wy8-D	7wy8	104	False	1.000	ARCPAPFTRDCFDVTSTTYAY	2.83	False
pdb_00008kh5-E	8kh5	104	False	1.000	ARCPAPFTRDCFDVTSTTYAY	2.83	False
pdb_00009k07-N	9k07	104	False	1.000	ARCPAPFTRDCFDVTSTTYAY	2.83	False
pdb_00009m3s-N	9m3s	104	False	1.000	ARCPAPFTRDCFDVTSTTYAY	2.83	False
pdb_00007wxw-D	7wxw	104	False	1.000	ARCPAPFTRDCFDVTSTTYAY	2.84	False
pdb_00008yw5-N	8yw5	104	False	1.000	ARCPAPFTRDCFDVTSTTYAY	2.84	False
pdb_00009kpd-N	9kpd	104	False	1.000	ARCPAPFTRDCFDVTSTTYAY	2.84	False
pdb_00009lgm-N	9lgm	104	False	1.000	ARCPAPFTRDCFDVTSTTYAY	2.84	False
pdb_00007wxu-N	7wxu	104	False	1.000	ARCPAPFTRDCFDVTSTTYAY	2.85	False
pdb_00008jip-N	8jip	104	False	1.000	ARCPAPFTRDCFDVTSTTYAY	2.85	False
pdb_00009u9v-N	9u9v	104	False	1.000	ARCPAPFTRDCFDVTSTTYAY	2.85	False
pdb_000025nx-N	25nx	104	False	1.000	ARCPAPFTRDCFDVTSTTYAY	2.86	False
pdb_00007piv-N	7piv	104	False	1.000	ARCPAPFTRDCFDVTSTTYAY	2.86	False
pdb_00008ioc-N	8ioc	104	False	1.000	ARCPAPFTRDCFDVTSTTYAY	2.86	False
pdb_00008wa3-N	8wa3	104	False	1.000	ARCPAPFTRDCFDVTSTTYAY	2.86	False
pdb_00007wcn-N	7wcn	104	False	1.000	ARCPAPFTRDCFDVTSTTYAY	2.87	False
pdb_00008hdo-N	8hdo	104	False	1.000	ARCPAPFTRDCFDVTSTTYAY	2.87	False
pdb_00009jfx-N	9jfx	104	False	1.000	ARCPAPFTRDCFDVTSTTYAY	2.87	False
pdb_00009lw5-N	9lw5	104	False	1.000	ARCPAPFTRDCFDVTSTTYAY	2.87	False
pdb_00008k8j-N	8k8j	104	False	1.000	ARCPAPFTRDCFDVTSTTYAY	2.88	False
pdb_00007ydm-N	7ydm	104	False	1.000	ARCPAPFTRDCFDVTSTTYAY	2.89	False
pdb_00008w8q-N	8w8q	104	False	1.000	ARCPAPFTRDCFDVTSTTYAY	2.89	False
pdb_00009itb-N	9itb	104	False	1.000	ARCPAPFTRDCFDVTSTTYAY	2.89	False
pdb_00009jh6-N	9jh6	104	False	1.000	ARCPAPFTRDCFDVTSTTYAY	2.89	False
pdb_000021du-N	21du	104	False	1.000	ARCPAPFTRDCFDVTSTTYAY	2.9	False
pdb_00007cx4-N	7cx4	104	False	1.000	ARCPAPFTRDCFDVTSTTYAY	2.9	False
pdb_00007d3s-N	7d3s	104	False	1.000	ARCPAPFTRDCFDVTSTTYAY	2.9	False
pdb_00007e14-N	7e14	104	False	1.000	ARCPAPFTRDCFDVTSTTYAY	2.9	False
pdb_00007f9y-N	7f9y	104	False	1.000	ARCPAPFTRDCFDVTSTTYAY	2.9	False
pdb_00007jvp-N	7jvp	104	False	1.000	ARCPAPFTRDCFDVTSTTYAY	2.9	False
pdb_00007rgp-N	7rgp	104	False	1.000	ARCPAPFTRDCFDVTSTTYAY	2.9	False
pdb_00007t9i-N	7t9i	104	False	1.000	ARCPAPFTRDCFDVTSTTYAY	2.9	False
pdb_00007t9n-N	7t9n	104	False	1.000	ARCPAPFTRDCFDVTSTTYAY	2.9	False
pdb_00007wuq-N	7wuq	104	False	1.000	ARCPAPFTRDCFDVTSTTYAY	2.9	False
pdb_00007xke-N	7xke	104	False	1.000	ARCPAPFTRDCFDVTSTTYAY	2.9	False
pdb_00008fu6-N	8fu6	104	False	1.000	ARCPAPFTRDCFDVTSTTYAY	2.9	False
pdb_00008gw8-N	8gw8	104	False	1.000	ARCPAPFTRDCFDVTSTTYAY	2.9	False
pdb_00008jsr-N	8jsr	104	False	1.000	ARCPAPFTRDCFDVTSTTYAY	2.9	False
pdb_00008w8w-N	8w8w	104	False	1.000	ARCPAPFTRDCFDVTSTTYAY	2.9	False
pdb_00008w8x-N	8w8x	104	False	1.000	ARCPAPFTRDCFDVTSTTYAY	2.9	False
pdb_00008w8y-N	8w8y	104	False	1.000	ARCPAPFTRDCFDVTSTTYAY	2.9	False
pdb_00008ykd-N	8ykd	104	False	1.000	ARCPAPFTRDCFDVTSTTYAY	2.9	False
pdb_00008zcf-N	8zcf	104	False	1.000	ARCPAPFTRDCFDVTSTTYAY	2.9	False
pdb_00009bhm-N	9bhm	104	False	1.000	ARCPAPFTRDCFDVTSTTYAY	2.9	False
pdb_00009bi6-N	9bi6	104	False	1.000	ARCPAPFTRDCFDVTSTTYAY	2.9	False
pdb_00009jfz-N	9jfz	104	False	1.000	ARCPAPFTRDCFDVTSTTYAY	2.9	False
pdb_00009lle-N	9lle	104	False	1.000	ARCPAPFTRDCFDVTSTTYAY	2.9	False
pdb_00009lwc-N	9lwc	104	False	1.000	ARCPAPFTRDCFDVTSTTYAY	2.9	False
pdb_00009m0j-N	9m0j	104	False	1.000	ARCPAPFTRDCFDVTSTTYAY	2.9	False
pdb_00009n1p-N	9n1p	104	False	1.000	ARCPAPFTRDCFDVTSTTYAY	2.9	False
pdb_00006p9x-N	6p9x	104	False	1.000	ARCPAPFTRDCFDVTSTTYAY	2.91	False
pdb_00008jit-N	8jit	104	False	1.000	ARCPAPFTRDCFDVTSTTYAY	2.91	False
pdb_00008pm2-N	8pm2	104	False	1.000	ARCPAPFTRDCFDVTSTTYAY	2.92	False
pdb_00009ixj-N	9ixj	104	False	1.000	ARCPAPFTRDCFDVTSTTYAY	2.92	False
pdb_00008y53-N	8y53	104	False	1.000	ARCPAPFTRDCFDVTSTTYAY	2.93	False
pdb_00009w2i-N	9w2i	104	False	1.000	ARCPAPFTRDCFDVTSTTYAY	2.93	False
pdb_00008flr-N	8flr	104	False	1.000	ARCPAPFTRDCFDVTSTTYAY	2.94	False
pdb_00007xw5-N	7xw5	104	False	1.000	ARCPAPFTRDCFDVTSTTYAY	2.96	False
pdb_00008zsv-N	8zsv	104	False	1.000	ARCPAPFTRDCFDVTSTTYAY	2.96	False
pdb_00008hti-N	8hti	104	False	1.000	ARCPAPFTRDCFDVTSTTYAY	2.97	False
pdb_00009w1j-N	9w1j	104	False	1.000	ARCPAPFTRDCFDVTSTTYAY	2.97	False
pdb_00007dty-N	7dty	104	False	1.000	ARCPAPFTRDCFDVTSTTYAY	2.98	False
pdb_00009k3p-N	9k3p	104	False	1.000	ARCPAPFTRDCFDVTSTTYAY	2.98	False
pdb_00009l79-N	9l79	104	False	1.000	ARCPAPFTRDCFDVTSTTYAY	2.98	False
pdb_00008xql-N	8xql	104	False	1.000	ARCPAPFTRDCFDVTSTTYAY	2.99	False
pdb_00009j1p-N	9j1p	104	False	1.000	ARCPAPFTRDCFDVTSTTYAY	2.99	False
pdb_000024xy-N	24xy	104	False	1.000	ARCPAPFTRDCFDVTSTTYAY	3.0	False
pdb_00006orv-NP	6orv	104	False	1.000	ARCPAPFTRDCFDVTSTTYAY	3.0	False
pdb_00006pb0-N	6pb0	104	False	1.000	ARCPAPFTRDCFDVTSTTYAY	3.0	False
pdb_00006uun-N	6uun	104	False	1.000	ARCPAPFTRDCFDVTSTTYAY	3.0	False
pdb_00007cfm-N	7cfm	104	False	1.000	ARCPAPFTRDCFDVTSTTYAY	3.0	False
pdb_00007cfn-N	7cfn	104	False	1.000	ARCPAPFTRDCFDVTSTTYAY	3.0	False
pdb_00007ept-N	7ept	104	False	1.000	ARCPAPFTRDCFDVTSTTYAY	3.0	False
pdb_00007f4d-N	7f4d	104	False	1.000	ARCPAPFTRDCFDVTSTTYAY	3.0	False
pdb_00007jv5-N	7jv5	104	False	1.000	ARCPAPFTRDCFDVTSTTYAY	3.0	False
pdb_00007jvq-N	7jvq	104	False	1.000	ARCPAPFTRDCFDVTSTTYAY	3.0	False
pdb_00007ljc-N	7ljc	104	False	1.000	ARCPAPFTRDCFDVTSTTYAY	3.0	False
pdb_00007rmg-N	7rmg	104	False	1.000	ARCPAPFTRDCFDVTSTTYAY	3.0	False
pdb_00007tyw-N	7tyw	104	False	1.000	ARCPAPFTRDCFDVTSTTYAY	3.0	False
pdb_00007tyy-N	7tyy	104	False	1.000	ARCPAPFTRDCFDVTSTTYAY	3.0	False
pdb_00007vbh-N	7vbh	104	False	1.000	ARCPAPFTRDCFDVTSTTYAY	3.0	False
pdb_00007vbi-N	7vbi	104	False	1.000	ARCPAPFTRDCFDVTSTTYAY	3.0	False
pdb_00007x2f-E	7x2f	104	False	1.000	ARCPAPFTRDCFDVTSTTYAY	3.0	False
pdb_00007yfc-N	7yfc	104	False	1.000	ARCPAPFTRDCFDVTSTTYAY	3.0	False
pdb_00008hj5-E	8hj5	104	False	1.000	ARCPAPFTRDCFDVTSTTYAY	3.0	False
pdb_00008w89-N	8w89	104	False	1.000	ARCPAPFTRDCFDVTSTTYAY	3.0	False
pdb_00008xve-N	8xve	104	False	1.000	ARCPAPFTRDCFDVTSTTYAY	3.0	False
pdb_00009btw-N	9btw	104	False	1.000	ARCPAPFTRDCFDVTSTTYAY	3.0	False
pdb_00009ivg-N	9ivg	104	False	1.000	ARCPAPFTRDCFDVTSTTYAY	3.0	False
pdb_00009mzg-N	9mzg	104	False	1.000	ARCPAPFTRDCFDVTSTTYAY	3.0	False
pdb_00009n1q-N	9n1q	104	False	1.000	ARCPAPFTRDCFDVTSTTYAY	3.0	False
pdb_00009n2i-N	9n2i	104	False	1.000	ARCPAPFTRDCFDVTSTTYAY	3.0	False
pdb_00009nox-E	9nox	104	False	1.000	ARCPAPFTRDCFDVTSTTYAY	3.0	False
pdb_00009o38-E	9o38	104	False	1.000	ARCPAPFTRDCFDVTSTTYAY	3.0	False
pdb_00009p94-N	9p94	104	False	1.000	ARCPAPFTRDCFDVTSTTYAY	3.0	False
pdb_00007z1c-E	7z1c	18	False	0.969	ASYQATRSLLSDYATWPYDY	1.9	False
pdb_00007z1c-F	7z1c	18	False	0.969	ASYQATRSLLSDYATWPYDY	1.9	False
pdb_00005e0q-A	5e0q	105	True	1.000	AASNRGSLYTLDNQNRYED	1.9	False
pdb_00007aqy-C	7aqy	106	True	1.000	AAKLLGSSRYELALAGYDY	1.9	False
pdb_00007aqy-D	7aqy	106	False	1.000	AAKLLGSSRYELALAGYDY	1.9	False
pdb_00005m15-C	5m15	107	True	1.000	AAAYWGKQSPLISWDYSY	1.9	False
pdb_00009ezw-D	9ezw	108	True	1.000	AAGRWNRYGEQDQYNYEY	1.9	False
pdb_00007vke-B	7vke	109	True	1.000	AKDRGTMRVVVYDTLDI	1.9	False
pdb_00008uy6-B	8uy6	110	True	1.000	HVLEDRVDSFHDY	1.9	False
pdb_00008uy6-D	8uy6	110	False	1.000	HVLEDRVDSFHDY	1.9	False
pdb_00008uy6-F	8uy6	110	False	1.000	HVLEDRVDSFHDY	1.9	False
pdb_00008uy6-H	8uy6	110	False	1.000	HVLEDRVDSFHDY	1.9	False
pdb_00008uy6-J	8uy6	110	False	1.000	HVLEDRVDSFHDY	1.9	False
pdb_00008uy6-L	8uy6	110	False	1.000	HVLEDRVDSFHDY	1.9	False
pdb_00008uy6-N	8uy6	110	False	1.000	HVLEDRVDSFHDY	1.9	False
pdb_00008uy6-P	8uy6	110	False	1.000	HVLEDRVDSFHDY	1.9	False
pdb_00009fot-B	9fot	110	False	1.000	HVLEDRVDSFHDY	3.0	False
pdb_00002p4a-B	2p4a	111	True	1.000	AAGGDALVATRYGR	1.9	False
pdb_00002p4a-D	2p4a	111	False	1.000	AAGGDALVATRYGR	1.9	False
pdb_00009shd-K	9shd	21	False	0.992	AIDSDTFYSGSYDY	1.9	False
pdb_00009yxd-K	9yxd	21	False	0.992	AIDSDTFYSGSYDY	2.29	False
pdb_00007q6c-K	7q6c	21	False	0.992	AIDSDTFYSGSYDY	2.29274	False
pdb_00009hap-K	9hap	21	False	0.992	AIDSDTFYSGSYDY	2.5	False
pdb_00009hb3-K	9hb3	21	False	0.992	AIDSDTFYSGSYDY	2.5	False
pdb_00007wpe-W	7wpe	21	False	0.992	AIDSDTFYSGSYDY	2.69	False
pdb_00007wpe-Z	7wpe	21	False	0.992	AIDSDTFYSGSYDY	2.69	False
pdb_00009jqt-D	9jqt	21	False	0.992	AIDSDTFYSGSYDY	2.7	False
pdb_00007zlg-K	7zlg	21	False	0.992	AIDSDTFYSGSYDY	2.72	False
pdb_00009pkv-K	9pkv	21	False	0.992	AIDSDTFYSGSYDY	2.72	False
pdb_00007zlh-K	7zlh	21	False	0.992	AIDSDTFYSGSYDY	2.75	False
pdb_000011zw-N	11zw	21	False	0.992	AIDSDTFYSGSYDY	2.8	False
pdb_00008wo4-G	8wo4	21	False	0.992	AIDSDTFYSGSYDY	2.8	False
pdb_00008wo4-H	8wo4	21	False	0.992	AIDSDTFYSGSYDY	2.8	False
pdb_00009z3j-N	9z3j	21	False	0.992	AIDSDTFYSGSYDY	2.8	False
pdb_00009ei5-K	9ei5	21	False	0.992	AIDSDTFYSGSYDY	2.84	False
pdb_00009ee5-K	9ee5	21	False	0.992	AIDSDTFYSGSYDY	2.89	False
pdb_00009ekh-K	9ekh	21	False	0.992	AIDSDTFYSGSYDY	2.89	False
pdb_00009qt3-D	9qt3	21	False	0.992	AIDSDTFYSGSYDY	2.9	False
pdb_00009qt3-H	9qt3	21	False	0.992	AIDSDTFYSGSYDY	2.9	False
pdb_00009qt3-L	9qt3	21	False	0.992	AIDSDTFYSGSYDY	2.9	False
pdb_00009qt3-P	9qt3	21	False	0.992	AIDSDTFYSGSYDY	2.9	False
pdb_00009jg0-K	9jg0	21	False	0.992	AIDSDTFYSGSYDY	2.91	False
pdb_00007wpf-T	7wpf	21	False	0.992	AIDSDTFYSGSYDY	2.92	False
pdb_00007wpf-W	7wpf	21	False	0.992	AIDSDTFYSGSYDY	2.92	False
pdb_00007wpf-Z	7wpf	21	False	0.992	AIDSDTFYSGSYDY	2.92	False
pdb_00007tuy-K	7tuy	21	False	0.992	AIDSDTFYSGSYDY	2.98	False
pdb_00007yud-K	7yud	21	False	0.992	AIDSDTFYSGSYDY	2.98	False
pdb_00009l9o-D	9l9o	21	False	0.992	AIDSDTFYSGSYDY	2.98	False
pdb_00007zli-K	7zli	21	False	0.992	AIDSDTFYSGSYDY	2.99	False
pdb_00008tii-N	8tii	21	False	0.992	AIDSDTFYSGSYDY	3.0	False
pdb_00009b2c-N	9b2c	21	False	0.992	AIDSDTFYSGSYDY	3.0	False
pdb_00006rtw-B	6rtw	112	True	1.000	SAVLVRFGGLRRSY	1.9	False
pdb_00006rty-B	6rty	112	False	1.000	SAVLVRFGGLRRSY	2.1	False
pdb_00008rby-B	8rby	113	True	1.000	APCSAPHDPEYNY	1.9	False
pdb_00008be4-A	8be4	114	True	1.000	NAKIHPWSVADL	1.9	False
pdb_00008uw9-B	8uw9	115	True	1.000	NTYGRLRRDV	1.9	False
pdb_00008uvy-B	8uvy	115	False	1.000	NTYGRLRRDV	2.11	False
pdb_00008uw2-B	8uw2	115	False	1.000	NTYGRLRRDV	2.2	False
pdb_00008ew6-V	8ew6	116	True	1.000	AAGSFWACTRPEGAMDY	1.904	False
pdb_00006ir1-B	6ir1	2	False	1.000	AANLGNYISSNQRLYGY	1.919	False
pdb_00004y7m-A	4y7m	117	True	1.000	AAVNAQGIYCTDYIIGPYGMDY	1.92	False
pdb_00004y7m-B	4y7m	117	False	1.000	AAVNAQGIYCTDYIIGPYGMDY	1.92	False
pdb_00007q3r-G	7q3r	118	True	1.000	DVAAFDSSDYEVLDS	1.92	False
pdb_00004qo1-A	4qo1	119	True	1.000	AAHPQRGWGSTLGWTY	1.924	False
pdb_00006u55-A	6u55	120	True	1.000	NAYSSAYDRNY	1.93	False
pdb_00006qgw-B	6qgw	121	True	1.000	AADPQWSRVRSGADY	1.938	False
pdb_00008hr2-B	8hr2	122	True	1.000	AAELFCPWPDIGTMSPAEYKY	1.94	False
pdb_00008hr2-C	8hr2	123	True	1.000	AADSGWVGYSLDPYQYNY	1.94	False
pdb_00007r1z-C	7r1z	124	True	1.000	AVRTPSSQTLY	1.94	False
pdb_00007r24-C	7r24	124	False	1.000	AVRTPSSQTLY	2.7	False
pdb_00007r23-C	7r23	124	False	1.000	AVRTPSSQTLY	2.77	False
pdb_00007nx0-D	7nx0	125	True	1.000	AAVDRHSPGSAWYNRNFGS	1.95	False
pdb_00007nx0-E	7nx0	125	False	1.000	AAVDRHSPGSAWYNRNFGS	1.95	False
pdb_00005bop-A	5bop	126	True	1.000	AARRWLGGSYFDPGNYDF	1.95	False
pdb_00005bop-C	5bop	126	False	1.000	AARRWLGGSYFDPGNYDF	1.95	False
pdb_00006gjs-B	6gjs	127	True	1.000	HAEITEQSRPFYLTDDY	1.95	False
pdb_00006gk4-B	6gk4	127	False	1.000	HAEITEQSRPFYLTDDY	2.91	False
pdb_00006gk4-E	6gk4	127	False	1.000	HAEITEQSRPFYLTDDY	2.91	False
pdb_00006gkd-B	6gkd	127	False	1.000	HAEITEQSRPFYLTDDY	2.99	False
pdb_00006gkd-G	6gkd	127	False	1.000	HAEITEQSRPFYLTDDY	2.99	False
pdb_00006gkd-J	6gkd	127	False	1.000	HAEITEQSRPFYLTDDY	2.99	False
pdb_00006gkd-M	6gkd	127	False	1.000	HAEITEQSRPFYLTDDY	2.99	False
pdb_00006gkd-P	6gkd	127	False	1.000	HAEITEQSRPFYLTDDY	2.99	False
pdb_00006gkd-S	6gkd	127	False	1.000	HAEITEQSRPFYLTDDY	2.99	False
pdb_00006gjs-C	6gjs	128	True	1.000	NAAVQVRDYRNY	1.95	False
pdb_00006gju-B	6gju	128	False	1.000	NAAVQVRDYRNY	2.6	False
pdb_00003k74-B	3k74	129	True	1.000	AKDWATGLAK	1.95	False
pdb_00006xw6-C	6xw6	130	True	1.000	AARSRFSAMHLAYRRLVDYDD	1.96	False
pdb_00006xw6-D	6xw6	130	False	1.000	AARSRFSAMHLAYRRLVDYDD	1.96	False
pdb_00009uoi-C	9uoi	131	True	1.000	AADVQDYMGYSKMYQDYDY	1.96	False
pdb_00003zhd-A	3zhd	132	True	1.000	ARHAPSTEAPDY	1.962	False
pdb_00009ezi-B	9ezi	0	False	0.983	AAGRWNRYGFEDQDNFDY	1.97	False
pdb_00007fat-B	7fat	133	True	1.000	AAEGGPSLSYCTGGYGFLLSGLMYNS	1.99	False
pdb_00004ocm-C	4ocm	134	True	1.000	AGGTYYGTLSYKYDF	1.99	False
pdb_00004ocm-F	4ocm	134	False	1.000	AGGTYYGTLSYKYDF	1.99	False
pdb_00004ocn-C	4ocn	134	False	1.000	AGGTYYGTLSYKYDF	2.25	False
pdb_00004ocn-F	4ocn	134	False	1.000	AGGTYYGTLSYKYDF	2.25	False
pdb_00004ocl-C	4ocl	134	False	1.000	AGGTYYGTLSYKYDF	2.4	False
pdb_00004ocl-F	4ocl	134	False	1.000	AGGTYYGTLSYKYDF	2.4	False
pdb_00008ysh-A	8ysh	135	True	1.000	HLDGSDAKGD	1.99	False
pdb_00007w1s-B	7w1s	136	True	1.000	WGWRMNDY	1.997	False
pdb_00005jmo-C	5jmo	137	True	1.000	AVGMYAAPPW	1.998	False
pdb_00005jmo-D	5jmo	137	False	1.000	AVGMYAAPPW	1.998	False
pdb_00007vfb-B	7vfb	138	True	1.000	AASGAIAGIRLCLPGHTFYTY	2.0	False
pdb_00001kxt-B	1kxt	139	True	1.000	AAGPGSGKLVVAGRTCYGPNY	2.0	False
pdb_00001kxt-D	1kxt	139	False	1.000	AAGPGSGKLVVAGRTCYGPNY	2.0	False
pdb_00001kxt-F	1kxt	139	False	1.000	AAGPGSGKLVVAGRTCYGPNY	2.0	False
pdb_00008evd-A	8evd	140	True	1.000	NGASEIGALQSGASLWS	2.0	False
pdb_00008evd-B	8evd	140	False	1.000	NGASEIGALQSGASLWS	2.0	False
pdb_00008evd-E	8evd	140	False	1.000	NGASEIGALQSGASLWS	2.0	False
pdb_00008evd-F	8evd	140	False	1.000	NGASEIGALQSGASLWS	2.0	False
pdb_00008evd-I	8evd	140	False	1.000	NGASEIGALQSGASLWS	2.0	False
pdb_00008evd-J	8evd	140	False	1.000	NGASEIGALQSGASLWS	2.0	False
pdb_00009m6j-A	9m6j	8	False	0.992	AARDGIPTSRTVGSYNY	2.0	False
pdb_00002vyr-E	2vyr	141	True	1.000	AKPWYPFMASKGSEFDY	2.0	False
pdb_00002vyr-G	2vyr	141	False	1.000	AKPWYPFMASKGSEFDY	2.0	False
pdb_00002vyr-I	2vyr	141	False	1.000	AKPWYPFMASKGSEFDY	2.0	False
pdb_00002vyr-J	2vyr	141	False	1.000	AKPWYPFMASKGSEFDY	2.0	False
pdb_00002vyr-K	2vyr	141	False	1.000	AKPWYPFMASKGSEFDY	2.0	False
pdb_00002vyr-L	2vyr	141	False	1.000	AKPWYPFMASKGSEFDY	2.0	False
pdb_00008e0e-B	8e0e	142	True	1.000	AASSYWSRSVDEYDY	2.0	False
pdb_00008h5t-B	8h5t	143	True	1.000	ASRRSYGCDYYGMEY	2.0	False
pdb_00004x7c-C	4x7c	144	True	1.000	KREDYSAYAPPSGS	2.0	False
pdb_00004x7c-D	4x7c	144	False	1.000	KREDYSAYAPPSGS	2.0	False
pdb_00004x7e-C	4x7e	144	False	1.000	KREDYSAYAPPSGS	2.11	False
pdb_00004x7d-C	4x7d	144	False	1.000	KREDYSAYAPPSGS	2.15	False
pdb_00004x7d-D	4x7d	144	False	1.000	KREDYSAYAPPSGS	2.15	False
pdb_00009ho6-C	9ho6	145	True	1.000	NAVPPIVTVNATDY	2.0	False
pdb_00009ho6-D	9ho6	145	False	1.000	NAVPPIVTVNATDY	2.0	False
pdb_00004orz-C	4orz	146	True	1.000	ARRVGSEYDL	2.0	False
pdb_00007zmv-E	7zmv	147	True	1.000	EAYGTYTLAPTGEGEYDDY	2.002	False
pdb_00007zmv-F	7zmv	147	False	1.000	EAYGTYTLAPTGEGEYDDY	2.002	False
pdb_00007zmv-G	7zmv	147	False	1.000	EAYGTYTLAPTGEGEYDDY	2.002	False
pdb_00007zmv-K	7zmv	147	False	1.000	EAYGTYTLAPTGEGEYDDY	2.002	False
pdb_00007zmt-C	7zmt	147	False	1.000	EAYGTYTLAPTGEGEYDDY	2.3	False
pdb_00007zmt-K	7zmt	147	False	1.000	EAYGTYTLAPTGEGEYDDY	2.3	False
pdb_00009ulm-I	9ulm	21	False	0.959	AVDSDTFYSGSYDY	2.01	False
pdb_00009ulm-K	9ulm	21	False	0.959	AVDSDTFYSGSYDY	2.01	False
pdb_00009uln-K	9uln	21	False	0.959	AVDSDTFYSGSYDY	2.94	False
pdb_00007l6v-E	7l6v	148	True	1.000	ATGYRTDTRIPGGS	2.01	False
pdb_00007m1h-C	7m1h	148	False	1.000	ATGYRTDTRIPGGS	2.78	False
pdb_00009ea9-C	9ea9	148	False	1.000	ATGYRTDTRIPGGS	2.93	False
pdb_00009h77-A	9h77	149	True	1.000	ARGSTLFSTNWDY	2.01	False
pdb_00009h77-B	9h77	149	False	1.000	ARGSTLFSTNWDY	2.01	False
pdb_00007l6v-B	7l6v	150	True	1.000	SALNLEDMEY	2.01	False
pdb_00007l6v-D	7l6v	151	True	1.000	KLEHDLGYYDY	2.01	False
pdb_00008sk5-B	8sk5	152	True	1.000	AAEPTLGWYVPRRSVEYEY	2.011	False
pdb_00008vyl-E	8vyl	153	True	1.000	AAARFLQNARLTTGPYDY	2.02	False
pdb_00008vyl-F	8vyl	153	False	1.000	AAARFLQNARLTTGPYDY	2.02	False
pdb_00008gsi-F	8gsi	21	False	0.967	AIDSDTFYSGSYDY	2.02	False
pdb_00006ul6-B1	6ul6	154	True	1.000	NADWKMGAWTAGDYGIDY	2.02000221988	False
pdb_00006ul6-B2	6ul6	155	True	1.000	HIEYTHY	2.02000221988	False
pdb_00006ul6-C	6ul6	156	True	1.000	RLYGSGDY	2.02000221988	False
pdb_00006ui1-B	6ui1	156	False	1.000	RLYGSGDY	2.20000858936	False
pdb_00009ea9-F	9ea9	156	False	1.000	RLYGSGDY	2.93	False
pdb_00006gwn-C	6gwn	157	True	1.000	AAVWARVCRNPYDY	2.03	False
pdb_00007aqg-C	7aqg	157	False	1.000	AAVWARVCRNPYDY	2.27	False
pdb_00006gwp-C	6gwp	157	False	1.000	AAVWARVCRNPYDY	2.28	False
pdb_00007unz-C	7unz	158	True	1.000	NAAGATIDLADFGS	2.03	False
pdb_00006gwn-B	6gwn	159	True	1.000	SAVRLPQRY	2.03	False
pdb_00007aqg-B	7aqg	159	False	1.000	SAVRLPQRY	2.27	False
pdb_00006gwp-B	6gwp	159	False	1.000	SAVRLPQRY	2.28	False
pdb_00006gwq-B	6gwq	159	False	1.000	SAVRLPQRY	2.32	False
pdb_00005e1h-B	5e1h	160	True	1.000	AGSSIYSDISGAATVWATSYNY	2.032	False
pdb_00008ybm-B	8ybm	161	True	1.000	ASTRAYQLYSGSRSLRPVDYDY	2.04	False
pdb_00008ybm-D	8ybm	161	False	1.000	ASTRAYQLYSGSRSLRPVDYDY	2.04	False
pdb_00008pnv-D	8pnv	162	True	1.000	ASRGVSGRYEY	2.048	False
pdb_00008pnv-E	8pnv	162	False	1.000	ASRGVSGRYEY	2.048	False
pdb_00008pnv-F	8pnv	162	False	1.000	ASRGVSGRYEY	2.048	False
pdb_00008pnv-J	8pnv	162	False	1.000	ASRGVSGRYEY	2.048	False
pdb_00008pnv-K	8pnv	162	False	1.000	ASRGVSGRYEY	2.048	False
pdb_00008pnv-L	8pnv	162	False	1.000	ASRGVSGRYEY	2.048	False
pdb_00008pnu-D	8pnu	162	False	1.000	ASRGVSGRYEY	2.12	False
pdb_00008pnu-E	8pnu	162	False	1.000	ASRGVSGRYEY	2.12	False
pdb_00008pnu-F	8pnu	162	False	1.000	ASRGVSGRYEY	2.12	False
pdb_00008pnu-J	8pnu	162	False	1.000	ASRGVSGRYEY	2.12	False
pdb_00008pnu-K	8pnu	162	False	1.000	ASRGVSGRYEY	2.12	False
pdb_00008pnu-L	8pnu	162	False	1.000	ASRGVSGRYEY	2.12	False
pdb_00008im1-F	8im1	163	True	1.000	AAKSVLTIATMRVPDEYNY	2.05	False
pdb_00008im1-H	8im1	163	False	1.000	AAKSVLTIATMRVPDEYNY	2.05	False
pdb_00005vxm-B	5vxm	164	True	1.000	AAKSVWFCSVIRSHEFNS	2.05	False
pdb_00009fvb-C	9fvb	165	True	1.000	AADHFHVTHRKYDY	2.05	False
pdb_00009fve-B	9fve	165	False	1.000	AADHFHVTHRKYDY	2.81	False
pdb_00009fve-D	9fve	165	False	1.000	AADHFHVTHRKYDY	2.81	False
pdb_00009fve-F	9fve	165	False	1.000	AADHFHVTHRKYDY	2.81	False
pdb_00009fve-H	9fve	165	False	1.000	AADHFHVTHRKYDY	2.81	False
pdb_00009fve-J	9fve	165	False	1.000	AADHFHVTHRKYDY	2.81	False
pdb_00009fve-L	9fve	165	False	1.000	AADHFHVTHRKYDY	2.81	False
pdb_00009fve-N	9fve	165	False	1.000	AADHFHVTHRKYDY	2.81	False
pdb_00009fve-P	9fve	165	False	1.000	AADHFHVTHRKYDY	2.81	False
pdb_00009fve-R	9fve	165	False	1.000	AADHFHVTHRKYDY	2.81	False
pdb_00009fve-T	9fve	165	False	1.000	AADHFHVTHRKYDY	2.81	False
pdb_00009fve-V	9fve	165	False	1.000	AADHFHVTHRKYDY	2.81	False
pdb_00009fve-X	9fve	165	False	1.000	AADHFHVTHRKYDY	2.81	False
pdb_00009pi7-E	9pi7	166	True	1.000	YARNLFTSGEY	2.05	False
pdb_00009pi8-E	9pi8	166	False	1.000	YARNLFTSGEY	2.11	False
pdb_00007apj-B	7apj	115	False	0.991	NTYGRLRRDV	2.05	False
pdb_00009min-E	9min	167	True	1.000	YGLSYSNDDY	2.05	False
pdb_00009o5s-F	9o5s	167	False	1.000	YGLSYSNDDY	2.27	False
pdb_00009o5s-O	9o5s	167	False	1.000	YGLSYSNDDY	2.27	False
pdb_00007sr5-B	7sr5	167	False	1.000	YGLSYSNDDY	2.35	False
pdb_00007sr5-D	7sr5	167	False	1.000	YGLSYSNDDY	2.35	False
pdb_00007sr3-B	7sr3	167	False	1.000	YGLSYSNDDY	2.49	False
pdb_00007sr3-D	7sr3	167	False	1.000	YGLSYSNDDY	2.49	False
pdb_00007srk-B	7srk	167	False	1.000	YGLSYSNDDY	2.5	False
pdb_00007srk-D	7srk	167	False	1.000	YGLSYSNDDY	2.5	False
pdb_00009ytd-D	9ytd	167	False	1.000	YGLSYSNDDY	2.5	False
pdb_00007sqp-B	7sqp	167	False	1.000	YGLSYSNDDY	2.53	False
pdb_00007sqp-D	7sqp	167	False	1.000	YGLSYSNDDY	2.53	False
pdb_00007sr0-B	7sr0	167	False	1.000	YGLSYSNDDY	2.54	False
pdb_00007sr0-D	7sr0	167	False	1.000	YGLSYSNDDY	2.54	False
pdb_00007sr4-B	7sr4	167	False	1.000	YGLSYSNDDY	2.59	False
pdb_00007sr4-D	7sr4	167	False	1.000	YGLSYSNDDY	2.59	False
pdb_00007stg-B	7stg	167	False	1.000	YGLSYSNDDY	2.7	False
pdb_00007stg-D	7stg	167	False	1.000	YGLSYSNDDY	2.7	False
pdb_00007stg-F	7stg	167	False	1.000	YGLSYSNDDY	2.7	False
pdb_00007stg-H	7stg	167	False	1.000	YGLSYSNDDY	2.7	False
pdb_00007stg-J	7stg	167	False	1.000	YGLSYSNDDY	2.7	False
pdb_00007stg-L	7stg	167	False	1.000	YGLSYSNDDY	2.7	False
pdb_00007stg-N	7stg	167	False	1.000	YGLSYSNDDY	2.7	False
pdb_00007stg-P	7stg	167	False	1.000	YGLSYSNDDY	2.7	False
pdb_00007stg-R	7stg	167	False	1.000	YGLSYSNDDY	2.7	False
pdb_00007stg-T	7stg	167	False	1.000	YGLSYSNDDY	2.7	False
pdb_00007stg-V	7stg	167	False	1.000	YGLSYSNDDY	2.7	False
pdb_00007stg-X	7stg	167	False	1.000	YGLSYSNDDY	2.7	False
pdb_00007stg-Z	7stg	167	False	1.000	YGLSYSNDDY	2.7	False
pdb_00007stg-b	7stg	167	False	1.000	YGLSYSNDDY	2.7	False
pdb_00007stg-d	7stg	167	False	1.000	YGLSYSNDDY	2.7	False
pdb_00007stg-f	7stg	167	False	1.000	YGLSYSNDDY	2.7	False
pdb_00007ssh-B	7ssh	167	False	1.000	YGLSYSNDDY	2.73	False
pdb_00007ssh-D	7ssh	167	False	1.000	YGLSYSNDDY	2.73	False
pdb_00007ssh-F	7ssh	167	False	1.000	YGLSYSNDDY	2.73	False
pdb_00007ssh-H	7ssh	167	False	1.000	YGLSYSNDDY	2.73	False
pdb_00007ssh-J	7ssh	167	False	1.000	YGLSYSNDDY	2.73	False
pdb_00007ssh-L	7ssh	167	False	1.000	YGLSYSNDDY	2.73	False
pdb_00007ssh-N	7ssh	167	False	1.000	YGLSYSNDDY	2.73	False
pdb_00007ssh-P	7ssh	167	False	1.000	YGLSYSNDDY	2.73	False
pdb_00007ssh-R	7ssh	167	False	1.000	YGLSYSNDDY	2.73	False
pdb_00007ssh-T	7ssh	167	False	1.000	YGLSYSNDDY	2.73	False
pdb_00007ssh-V	7ssh	167	False	1.000	YGLSYSNDDY	2.73	False
pdb_00007ssh-X	7ssh	167	False	1.000	YGLSYSNDDY	2.73	False
pdb_00007ssh-Z	7ssh	167	False	1.000	YGLSYSNDDY	2.73	False
pdb_00007ssh-b	7ssh	167	False	1.000	YGLSYSNDDY	2.73	False
pdb_00007ssh-d	7ssh	167	False	1.000	YGLSYSNDDY	2.73	False
pdb_00007ssh-f	7ssh	167	False	1.000	YGLSYSNDDY	2.73	False
pdb_00007st3-B	7st3	167	False	1.000	YGLSYSNDDY	2.78	False
pdb_00007st3-D	7st3	167	False	1.000	YGLSYSNDDY	2.78	False
pdb_00007st3-F	7st3	167	False	1.000	YGLSYSNDDY	2.78	False
pdb_00007st3-H	7st3	167	False	1.000	YGLSYSNDDY	2.78	False
pdb_00007st3-J	7st3	167	False	1.000	YGLSYSNDDY	2.78	False
pdb_00007st3-L	7st3	167	False	1.000	YGLSYSNDDY	2.78	False
pdb_00007st3-N	7st3	167	False	1.000	YGLSYSNDDY	2.78	False
pdb_00007st3-P	7st3	167	False	1.000	YGLSYSNDDY	2.78	False
pdb_00007st3-R	7st3	167	False	1.000	YGLSYSNDDY	2.78	False
pdb_00007st3-T	7st3	167	False	1.000	YGLSYSNDDY	2.78	False
pdb_00007st3-V	7st3	167	False	1.000	YGLSYSNDDY	2.78	False
pdb_00007st3-X	7st3	167	False	1.000	YGLSYSNDDY	2.78	False
pdb_00007st3-Z	7st3	167	False	1.000	YGLSYSNDDY	2.78	False
pdb_00007st3-b	7st3	167	False	1.000	YGLSYSNDDY	2.78	False
pdb_00007st3-d	7st3	167	False	1.000	YGLSYSNDDY	2.78	False
pdb_00007st3-f	7st3	167	False	1.000	YGLSYSNDDY	2.78	False
pdb_00008z8v-B	8z8v	168	True	1.000	TIGGSLSR	2.05	False
pdb_00005c1m-B	5c1m	169	True	1.000	AARAPVGQSSSPYDYDY	2.07	False
pdb_00007fau-D	7fau	170	True	1.000	AAGLVRGSCTDVLDHPSYLGV	2.08	False
pdb_00008ybp-B	8ybp	171	True	1.000	AAYWKGYKYHPKFDDSAYEY	2.08	False
pdb_00008ozb-C	8ozb	172	True	1.000	HVVIESTRFVYDHY	2.09	False
pdb_00008ozb-A	8ozb	172	False	1.000	HVVIESTRFVYDHY	2.09	False
pdb_00009yp2-C	9yp2	173	True	1.000	KYGSY	2.09	False
pdb_00009yp2-D	9yp2	173	False	1.000	KYGSY	2.09	False
pdb_00007kbk-C	7kbk	174	True	1.000	ALNRGYSGTGYPSKQYEYND	2.091	False
pdb_00006ey6-I	6ey6	175	True	1.000	VAGFAGYGSFTSRSARDSDKYDY	2.1	False
pdb_00006ey6-J	6ey6	175	False	1.000	VAGFAGYGSFTSRSARDSDKYDY	2.1	False
pdb_00006ey6-K	6ey6	175	False	1.000	VAGFAGYGSFTSRSARDSDKYDY	2.1	False
pdb_00006ey6-L	6ey6	175	False	1.000	VAGFAGYGSFTSRSARDSDKYDY	2.1	False
pdb_00006ey6-M	6ey6	175	False	1.000	VAGFAGYGSFTSRSARDSDKYDY	2.1	False
pdb_00006ey6-N	6ey6	175	False	1.000	VAGFAGYGSFTSRSARDSDKYDY	2.1	False
pdb_00006ey6-O	6ey6	175	False	1.000	VAGFAGYGSFTSRSARDSDKYDY	2.1	False
pdb_00006ey6-P	6ey6	175	False	1.000	VAGFAGYGSFTSRSARDSDKYDY	2.1	False
pdb_00007uby-C	7uby	176	True	1.000	AAFRATMCGVFPLSPYGKDD	2.1	False
pdb_00007uby-D	7uby	176	False	1.000	AAFRATMCGVFPLSPYGKDD	2.1	False
pdb_00009mw5-D	9mw5	177	True	1.000	AAVGPKTWDYGLASEYDY	2.1	False
pdb_00009mw5-E	9mw5	177	False	1.000	AAVGPKTWDYGLASEYDY	2.1	False
pdb_00009mw5-F	9mw5	177	False	1.000	AAVGPKTWDYGLASEYDY	2.1	False
pdb_00008en3-C	8en3	178	True	1.000	AHRYIYGSLSDSGSYDN	2.1	False
pdb_00008en3-D	8en3	178	False	1.000	AHRYIYGSLSDSGSYDN	2.1	False
pdb_00009glz-C	9glz	179	True	1.000	AATRSNFYFPREDMSYDS	2.1	False
pdb_00009glz-D	9glz	179	False	1.000	AATRSNFYFPREDMSYDS	2.1	False
pdb_00007lvw-G	7lvw	180	True	1.000	AAKRGGAVTAAEWYDY	2.1	False
pdb_00007lvw-H	7lvw	180	False	1.000	AAKRGGAVTAAEWYDY	2.1	False
pdb_00007lvw-J	7lvw	180	False	1.000	AAKRGGAVTAAEWYDY	2.1	False
pdb_00007lvw-K	7lvw	180	False	1.000	AAKRGGAVTAAEWYDY	2.1	False
pdb_00007lvw-L	7lvw	180	False	1.000	AAKRGGAVTAAEWYDY	2.1	False
pdb_00003k7u-A	3k7u	181	True	1.000	AARPQGDYVTAHYDY	2.1	False
pdb_00006x05-K	6x05	182	True	1.000	HGRGRWWGTEGRLDY	2.1	False
pdb_00008e0g-B	8e0g	183	True	1.000	AARAPVXXXXXXXDYDY	2.1	False
pdb_00004y8d-C	4y8d	184	True	1.000	ATTTDCAAFVERATAIT	2.1	False
pdb_00004c58-B	4c58	184	False	1.000	ATTTDCAAFVERATAIT	2.16	False
pdb_00004c59-B	4c59	184	False	1.000	ATTTDCAAFVERATAIT	2.8	False
pdb_00008rj7-B	8rj7	185	True	1.000	ASGYYGASGYDFNN	2.1	False
pdb_00008rj7-D	8rj7	185	False	1.000	ASGYYGASGYDFNN	2.1	False
pdb_00008rj7-F	8rj7	185	False	1.000	ASGYYGASGYDFNN	2.1	False
pdb_00008rj7-H	8rj7	185	False	1.000	ASGYYGASGYDFNN	2.1	False
pdb_00008rj7-J	8rj7	185	False	1.000	ASGYYGASGYDFNN	2.1	False
pdb_00008xld-B	8xld	186	True	1.000	AADRYVPAPPYYY	2.1	False
pdb_00006x07-B	6x07	187	True	1.000	NIWAPTTAAITN	2.1	False
pdb_00007ndf-C	7ndf	188	True	1.000	NAEGPAGY	2.1	False
pdb_00007ndf-D	7ndf	188	False	1.000	NAEGPAGY	2.1	False
pdb_00006oca-C	6oca	189	True	1.000	AAGLRGGTYARTIYEYDY	2.113	False
pdb_00006ibb-D	6ibb	190	True	1.000	AADPFGERLCIDPNTFAGYLET	2.12	False
pdb_00006z10-B	6z10	190	False	1.000	AADPFGERLCIDPNTFAGYLET	2.269	False
pdb_00008k33-B	8k33	191	True	1.000	NVYGTNLAP	2.13	False
pdb_00008k33-D	8k33	191	False	1.000	NVYGTNLAP	2.13	False
pdb_00008k33-F	8k33	191	False	1.000	NVYGTNLAP	2.13	False
pdb_00008k33-H	8k33	191	False	1.000	NVYGTNLAP	2.13	False
pdb_00008k33-J	8k33	191	False	1.000	NVYGTNLAP	2.13	False
pdb_00008k33-M	8k33	191	False	1.000	NVYGTNLAP	2.13	False
pdb_00008k33-O	8k33	191	False	1.000	NVYGTNLAP	2.13	False
pdb_00008k33-Q	8k33	191	False	1.000	NVYGTNLAP	2.13	False
pdb_00008k33-R	8k33	191	False	1.000	NVYGTNLAP	2.13	False
pdb_00008k33-T	8k33	191	False	1.000	NVYGTNLAP	2.13	False
pdb_00008k33-V	8k33	191	False	1.000	NVYGTNLAP	2.13	False
pdb_00008k33-X	8k33	191	False	1.000	NVYGTNLAP	2.13	False
pdb_00007ar0-B	7ar0	192	True	1.000	AATSSWNDMALKSAGWYEY	2.139	False
pdb_00009g48-C	9g48	193	True	1.000	AAEAPPLLYDSGSYYCQPLYQYDY	2.14353600683	False
pdb_00008bf4-B	8bf4	194	True	1.000	GASSYNTQRAECYGMDY	2.15	False
pdb_00008bf4-E	8bf4	194	False	1.000	GASSYNTQRAECYGMDY	2.15	False
pdb_00008bb7-D	8bb7	194	False	1.000	GASSYNTQRAECYGMDY	2.95	False
pdb_00005m2i-G	5m2i	195	True	1.000	AASILPLSDDPGWNTY	2.15	False
pdb_00005m2i-H	5m2i	195	False	1.000	AASILPLSDDPGWNTY	2.15	False
pdb_00005m2i-I	5m2i	195	False	1.000	AASILPLSDDPGWNTY	2.15	False
pdb_00005m2i-J	5m2i	195	False	1.000	AASILPLSDDPGWNTY	2.15	False
pdb_00005m2i-K	5m2i	195	False	1.000	AASILPLSDDPGWNTY	2.15	False
pdb_00005m2i-L	5m2i	195	False	1.000	AASILPLSDDPGWNTY	2.15	False
pdb_00008et0-C	8et0	196	True	1.000	NAESDGWYGLSY	2.15	False
pdb_00008et0-D	8et0	196	False	1.000	NAESDGWYGLSY	2.15	False
pdb_00003k1k-C	3k1k	197	True	1.000	NVNVGFEY	2.15	False
pdb_00003k1k-D	3k1k	197	False	1.000	NVNVGFEY	2.15	False
pdb_00003ogo-G	3ogo	197	False	1.000	NVNVGFEY	2.8	False
pdb_00008pyr-H	8pyr	198	True	1.000	SKQSSTPA	2.15	False
pdb_00009hll-C	9hll	199	True	1.000	AAEWNNFGRLCMYPDY	2.17	False
pdb_00005f7k-C	5f7k	200	True	1.000	NRLPNYRS	2.17	False
pdb_00005f7k-D	5f7k	200	False	1.000	NRLPNYRS	2.17	False
pdb_00005f7n-C	5f7n	200	False	1.000	NRLPNYRS	2.28	False
pdb_00005f7n-D	5f7n	200	False	1.000	NRLPNYRS	2.28	False
pdb_00005f7y-C	5f7y	200	False	1.000	NRLPNYRS	2.44	False
pdb_00005f7y-D	5f7y	200	False	1.000	NRLPNYRS	2.44	False
pdb_00005f8r-C	5f8r	200	False	1.000	NRLPNYRS	2.44	False
pdb_00005f8r-D	5f8r	200	False	1.000	NRLPNYRS	2.44	False
pdb_00005f9a-C	5f9a	200	False	1.000	NRLPNYRS	2.44	False
pdb_00005f8q-C	5f8q	200	False	1.000	NRLPNYRS	2.59	False
pdb_00005f8q-D	5f8q	200	False	1.000	NRLPNYRS	2.59	False
pdb_00005f9d-C	5f9d	200	False	1.000	NRLPNYRS	2.59	False
pdb_00005f97-E	5f97	200	False	1.000	NRLPNYRS	2.62	False
pdb_00005f97-F	5f97	200	False	1.000	NRLPNYRS	2.62	False
pdb_00005f97-G	5f97	200	False	1.000	NRLPNYRS	2.62	False
pdb_00005f97-H	5f97	200	False	1.000	NRLPNYRS	2.62	False
pdb_00007zqt-B	7zqt	200	False	1.000	NRLPNYRS	2.7	False
pdb_00007zqt-F	7zqt	200	False	1.000	NRLPNYRS	2.7	False
pdb_00005f7m-C	5f7m	200	False	1.000	NRLPNYRS	2.72	False
pdb_00005f7m-D	5f7m	200	False	1.000	NRLPNYRS	2.72	False
pdb_00005f7w-C	5f7w	200	False	1.000	NRLPNYRS	2.81	False
pdb_00005f7w-D	5f7w	200	False	1.000	NRLPNYRS	2.81	False
pdb_00005f93-C	5f93	200	False	1.000	NRLPNYRS	2.99	False
pdb_00005f93-D	5f93	200	False	1.000	NRLPNYRS	2.99	False
pdb_00005f93-F	5f93	200	False	1.000	NRLPNYRS	2.99	False
pdb_00005f93-H	5f93	200	False	1.000	NRLPNYRS	2.99	False
pdb_00009hml-C	9hml	201	True	1.000	AAERTGWSSEYDY	2.171	False
pdb_00008ybn-B	8ybn	202	True	1.000	AAGDAYHKWFMPSSRALDRKEYNY	2.18	False
pdb_00005e5m-B	5e5m	203	True	1.000	KTGLTN	2.182	False
pdb_00005e5m-D	5e5m	203	False	1.000	KTGLTN	2.182	False
pdb_00005e5m-F	5e5m	203	False	1.000	KTGLTN	2.182	False
pdb_00005e5m-H	5e5m	203	False	1.000	KTGLTN	2.182	False
pdb_00007nxx-B	7nxx	204	True	1.000	AAGNGALPPGRRLSPQNMDT	2.189	False
pdb_00008k3a-B	8k3a	204	False	1.000	AAGNGALPPGRRLSPQNMDT	2.74	False
pdb_00006z6v-G	6z6v	205	True	1.000	GADENPPGWPSRWSSAYDY	2.19	False
pdb_00006z6v-H	6z6v	205	False	1.000	GADENPPGWPSRWSSAYDY	2.19	False
pdb_00006xw4-C	6xw4	206	True	1.000	AATYSTIAPRTSYDF	2.19	False
pdb_00006xw4-D	6xw4	206	False	1.000	AATYSTIAPRTSYDF	2.19	False
pdb_00005f1o-B	5f1o	207	True	1.000	AARYQPRYYDSGDMDGYEYDN	2.2	False
pdb_00007anq-B	7anq	208	True	1.000	AARQYYSGRVYSTFREEYDY	2.2	False
pdb_00007n0i-I	7n0i	209	True	1.000	ATNTRWTYFSPTVPDRYDY	2.2	False
pdb_00007n0i-J	7n0i	209	False	1.000	ATNTRWTYFSPTVPDRYDY	2.2	False
pdb_00007n0i-K	7n0i	209	False	1.000	ATNTRWTYFSPTVPDRYDY	2.2	False
pdb_00009imx-C	9imx	210	True	1.000	AAAGWAGYGCPPNRYEYDY	2.2	False
pdb_00009imx-D	9imx	210	False	1.000	AAAGWAGYGCPPNRYEYDY	2.2	False
pdb_00009imx-G	9imx	210	False	1.000	AAAGWAGYGCPPNRYEYDY	2.2	False
pdb_00009imx-H	9imx	210	False	1.000	AAAGWAGYGCPPNRYEYDY	2.2	False
pdb_00006waq-A	6waq	211	True	1.000	AAAGLGTVVSEWDYDYDY	2.2	False
pdb_00009mvu-D	9mvu	212	True	1.000	LFDRRLGTVVTGPEGY	2.2	False
pdb_00009mvu-E	9mvu	212	False	1.000	LFDRRLGTVVTGPEGY	2.2	False
pdb_00009mvu-F	9mvu	212	False	1.000	LFDRRLGTVVTGPEGY	2.2	False
pdb_00005ocl-B	5ocl	213	True	1.000	AANPNPSGSSVYRRNDY	2.2	False
pdb_00005ocl-D	5ocl	213	False	1.000	AANPNPSGSSVYRRNDY	2.2	False
pdb_00005ocl-E	5ocl	213	False	1.000	AANPNPSGSSVYRRNDY	2.2	False
pdb_00005ocl-G	5ocl	213	False	1.000	AANPNPSGSSVYRRNDY	2.2	False
pdb_00006rvc-D	6rvc	214	True	1.000	ARKVAGGSYYQKDKYDY	2.2	False
pdb_00006rvc-E	6rvc	214	False	1.000	ARKVAGGSYYQKDKYDY	2.2	False
pdb_00006rvc-F	6rvc	214	False	1.000	ARKVAGGSYYQKDKYDY	2.2	False
pdb_00007zau-D	7zau	215	True	1.000	AAKIYYSGTYLAFNPDY	2.2	False
pdb_00005mwn-D	5mwn	216	True	1.000	KAFFRRDYVGYDY	2.2	False
pdb_00005mwn-E	5mwn	216	False	1.000	KAFFRRDYVGYDY	2.2	False
pdb_00005m30-D	5m30	216	False	1.000	KAFFRRDYVGYDY	2.6	False
pdb_00005m30-E	5m30	216	False	1.000	KAFFRRDYVGYDY	2.6	False
pdb_00005m30-F	5m30	216	False	1.000	KAFFRRDYVGYDY	2.6	False
pdb_00005mwn-N	5mwn	217	True	1.000	DARIWRGTVYDNI	2.2	False
pdb_00008fxv-B	8fxv	218	True	1.000	AAQSEGGYWFGY	2.2	False
pdb_00006oq8-C	6oq8	219	True	1.000	ALHNAVSGSS	2.2	False
pdb_00006oq8-D	6oq8	219	False	1.000	ALHNAVSGSS	2.2	False
pdb_00005ocl-A	5ocl	220	True	1.000	HTLPRFSHL	2.2	False
pdb_00005ocl-C	5ocl	220	False	1.000	HTLPRFSHL	2.2	False
pdb_00005ocl-F	5ocl	220	False	1.000	HTLPRFSHL	2.2	False
pdb_00005ocl-H	5ocl	220	False	1.000	HTLPRFSHL	2.2	False
pdb_00006ui1-C	6ui1	154	False	0.992	NADWKMGAWTAGDYGIDY	2.20000858936	False
pdb_00007m1h-D	7m1h	154	False	0.992	NADWKMGAWTAGDYGIDY	2.78	False
pdb_00006ui1-D	6ui1	155	False	0.991	HIEYTHY	2.20000858936	False
pdb_00006uht-C	6uht	221	True	1.000	AAAPLAGRYCPASHEYGY	2.20001465977	False
pdb_00006uht-D	6uht	221	False	1.000	AAAPLAGRYCPASHEYGY	2.20001465977	False
pdb_00008aom-V	8aom	222	True	1.000	WDLGHRPYFKDY	2.202	False
pdb_00007e53-B	7e53	223	True	1.000	ALRRRGWSNTSGWKQPGWYDY	2.21	False
pdb_00008elq-B	8elq	224	True	1.000	ARQAWYYSPYGGPEFEAFDY	2.21	False
pdb_00008t58-A	8t58	225	True	1.000	GATRKYVPVRFALDQSSYDY	2.23	False
pdb_00008t58-D	8t58	225	False	1.000	GATRKYVPVRFALDQSSYDY	2.23	False
pdb_00008t9y-A	8t9y	225	False	1.000	GATRKYVPVRFALDQSSYDY	2.52	False
pdb_00005my6-B	5my6	226	True	1.000	AVCYNLETY	2.246	True
pdb_00009u5c-B	9u5c	227	True	1.000	AARVYSYSSDVDCRPSFTTRFPY	2.25	False
pdb_00009u5c-D	9u5c	227	False	1.000	AARVYSYSSDVDCRPSFTTRFPY	2.25	False
pdb_00009u5c-F	9u5c	227	False	1.000	AARVYSYSSDVDCRPSFTTRFPY	2.25	False
pdb_00009u5c-H	9u5c	227	False	1.000	AARVYSYSSDVDCRPSFTTRFPY	2.25	False
pdb_00008h3y-D	8h3y	228	True	1.000	ASMMGTYYSGSPKN	2.25	False
pdb_00008h3y-E	8h3y	228	False	1.000	ASMMGTYYSGSPKN	2.25	False
pdb_00008h3y-F	8h3y	228	False	1.000	ASMMGTYYSGSPKN	2.25	False
pdb_00004u3x-A	4u3x	229	True	1.000	AKYTSPPQNHGFDY	2.26	False
pdb_00004u3x-C	4u3x	229	False	1.000	AKYTSPPQNHGFDY	2.26	False
pdb_00004pgj-A	4pgj	229	False	1.000	AKYTSPPQNHGFDY	2.6	False
pdb_00004pgj-C	4pgj	229	False	1.000	AKYTSPPQNHGFDY	2.6	False
pdb_00009th6-B	9th6	230	True	1.000	AATRRSLTTATTDADA	2.267	False
pdb_00009fzc-C	9fzc	231	True	1.000	GHRRLGKTTYDY	2.27	False
pdb_00009fzc-D	9fzc	231	False	1.000	GHRRLGKTTYDY	2.27	False
pdb_00007vnb-A	7vnb	232	True	1.000	VSNWASGSTGDY	2.27	False
pdb_00006fv0-F	6fv0	233	True	1.000	ATDMSGTY	2.29	False
pdb_00009uaq-D	9uaq	197	False	0.965	NVNVGFEY	2.29	False
pdb_00009uaq-E	9uaq	197	False	0.965	NVNVGFEY	2.29	False
pdb_00009uaq-F	9uaq	197	False	0.965	NVNVGFEY	2.29	False
pdb_00007th3-B	7th3	234	True	1.000	AAGSYAAILYAPSY	2.292	False
pdb_00005m2m-D	5m2m	235	True	1.000	AARDGIPTSRSVESYNY	2.3	False
pdb_00005m2m-E	5m2m	235	False	1.000	AARDGIPTSRSVESYNY	2.3	False
pdb_00005m2m-F	5m2m	235	False	1.000	AARDGIPTSRSVESYNY	2.3	False
pdb_00005m2m-H	5m2m	235	False	1.000	AARDGIPTSRSVESYNY	2.3	False
pdb_00005m2m-J	5m2m	235	False	1.000	AARDGIPTSRSVESYNY	2.3	False
pdb_00005m2m-N	5m2m	235	False	1.000	AARDGIPTSRSVESYNY	2.3	False
pdb_00004lhq-B	4lhq	236	True	1.000	AGSSVYAEMPYADSVKATSYNY	2.3	False
pdb_00004lhq-D	4lhq	236	False	1.000	AGSSVYAEMPYADSVKATSYNY	2.3	False
pdb_00009lh2-B	9lh2	237	True	1.000	AKDHHAHEDHFNSGFDRKYDY	2.3	False
pdb_00009lh2-D	9lh2	237	False	1.000	AKDHHAHEDHFNSGFDRKYDY	2.3	False
pdb_00007z1b-E	7z1b	18	False	0.976	AGFSATRSLLSDYATWPYDY	2.3	False
pdb_00007z1b-F	7z1b	18	False	0.976	AGFSATRSLLSDYATWPYDY	2.3	False
pdb_00008k3l-B	8k3l	238	True	1.000	AANHFFDYSRDPLATAEYNY	2.3	False
pdb_00008k3l-D	8k3l	238	False	1.000	AANHFFDYSRDPLATAEYNY	2.3	False
pdb_00008k3l-F	8k3l	238	False	1.000	AANHFFDYSRDPLATAEYNY	2.3	False
pdb_00008k3l-H	8k3l	238	False	1.000	AANHFFDYSRDPLATAEYNY	2.3	False
pdb_00007z1b-B	7z1b	239	True	1.000	AADRGESYYYTRPTEYEF	2.3	False
pdb_00007z1b-D	7z1b	239	False	1.000	AADRGESYYYTRPTEYEF	2.3	False
pdb_00007oay-BBB	7oay	239	False	1.000	AADRGESYYYTRPTEYEF	2.34	False
pdb_00007oay-DDD	7oay	239	False	1.000	AADRGESYYYTRPTEYEF	2.34	False
pdb_00007oay-FFF	7oay	239	False	1.000	AADRGESYYYTRPTEYEF	2.34	False
pdb_00007oay-HHH	7oay	239	False	1.000	AADRGESYYYTRPTEYEF	2.34	False
pdb_00007oay-JJJ	7oay	239	False	1.000	AADRGESYYYTRPTEYEF	2.34	False
pdb_00007oay-LLL	7oay	239	False	1.000	AADRGESYYYTRPTEYEF	2.34	False
pdb_00007z1a-B	7z1a	239	False	1.000	AADRGESYYYTRPTEYEF	2.59	False
pdb_00007z1a-D	7z1a	239	False	1.000	AADRGESYYYTRPTEYEF	2.59	False
pdb_00005f1k-C	5f1k	240	True	1.000	AAGRGIVAGRIPAEYAD	2.3	False
pdb_00005f1k-D	5f1k	240	False	1.000	AAGRGIVAGRIPAEYAD	2.3	False
pdb_00008qgx-B	8qgx	241	True	1.000	TADPKLLPLADSSYGY	2.3	False
pdb_00007a0v-D	7a0v	242	True	1.000	AQSRAIEADDSRGYDY	2.3	False
pdb_00007a0v-F	7a0v	242	False	1.000	AQSRAIEADDSRGYDY	2.3	False
pdb_00007a17-D	7a17	242	False	1.000	AQSRAIEADDSRGYDY	2.73	False
pdb_00007a17-F	7a17	242	False	1.000	AQSRAIEADDSRGYDY	2.73	False
pdb_00008cxq-D	8cxq	243	True	1.000	AVGSLRVGSFSPDY	2.3	False
pdb_00008cxq-E	8cxq	243	False	1.000	AVGSLRVGSFSPDY	2.3	False
pdb_00008cxq-F	8cxq	243	False	1.000	AVGSLRVGSFSPDY	2.3	False
pdb_00005lhr-B	5lhr	244	True	1.000	AADLASSRDVSSWY	2.3	False
pdb_00006h72-C	6h72	245	True	1.000	NAYIQLDSTIWFRAY	2.3	False
pdb_00006h72-D	6h72	245	False	1.000	NAYIQLDSTIWFRAY	2.3	False
pdb_00006h71-C	6h71	245	False	1.000	NAYIQLDSTIWFRAY	2.313	False
pdb_00006h71-D	6h71	245	False	1.000	NAYIQLDSTIWFRAY	2.313	False
pdb_00007kgj-B	7kgj	246	True	1.000	NVKDVGHHYEYYDY	2.3	False
pdb_00005o04-D	5o04	144	False	0.983	KREDYSAYAPPSGS	2.3	False
pdb_00009t0e-C	9t0e	247	True	1.000	NAYELRPIQGARNY	2.3	False
pdb_00009fzd-B	9fzd	248	True	1.000	HANYRIGRNDLPV	2.3	False
pdb_00009my8-A	9my8	249	True	1.000	NLDVTLGPSRGAY	2.3	False
pdb_00008en4-D	8en4	250	True	1.000	HAVTGVIASS	2.3	False
pdb_00005o04-F	5o04	251	True	1.000	NVRRASADY	2.3	False
pdb_00007kc9-C	7kc9	252	True	1.000	KGTADGSSSLGYLEV	2.301	False
pdb_00007kc9-F	7kc9	252	False	1.000	KGTADGSSSLGYLEV	2.301	False
pdb_00007kdm-C	7kdm	252	False	1.000	KGTADGSSSLGYLEV	2.301	False
pdb_00007kdm-F	7kdm	252	False	1.000	KGTADGSSSLGYLEV	2.301	False
pdb_00009g97-B	9g97	253	True	1.000	AATLPAWTGIIGGRRPGNYPY	2.31	False
pdb_00009g9m-B	9g9m	253	False	1.000	AATLPAWTGIIGGRRPGNYPY	2.55	False
pdb_00009g9o-B	9g9o	253	False	1.000	AATLPAWTGIIGGRRPGNYPY	2.69	False
pdb_00009g95-B	9g95	253	False	1.000	AATLPAWTGIIGGRRPGNYPY	2.8	False
pdb_00009g9n-B	9g9n	253	False	1.000	AATLPAWTGIIGGRRPGNYPY	2.8	False
pdb_00009g9p-B	9g9p	253	False	1.000	AATLPAWTGIIGGRRPGNYPY	2.8	False
pdb_00009dc3-AB	9dc3	254	True	1.000	AAGPTLMSGSYNSARDYDY	2.31	False
pdb_00009dc3-AD	9dc3	254	False	1.000	AAGPTLMSGSYNSARDYDY	2.31	False
pdb_00009dc3-AF	9dc3	254	False	1.000	AAGPTLMSGSYNSARDYDY	2.31	False
pdb_00009dc3-AH	9dc3	254	False	1.000	AAGPTLMSGSYNSARDYDY	2.31	False
pdb_00009dc3-AJ	9dc3	254	False	1.000	AAGPTLMSGSYNSARDYDY	2.31	False
pdb_00009dc3-AL	9dc3	254	False	1.000	AAGPTLMSGSYNSARDYDY	2.31	False
pdb_00009dc3-AN	9dc3	254	False	1.000	AAGPTLMSGSYNSARDYDY	2.31	False
pdb_00009dc3-AP	9dc3	254	False	1.000	AAGPTLMSGSYNSARDYDY	2.31	False
pdb_00009dc3-AQ	9dc3	254	False	1.000	AAGPTLMSGSYNSARDYDY	2.31	False
pdb_00009dc3-AR	9dc3	254	False	1.000	AAGPTLMSGSYNSARDYDY	2.31	False
pdb_00009dc3-AS	9dc3	254	False	1.000	AAGPTLMSGSYNSARDYDY	2.31	False
pdb_00009dc3-AT	9dc3	254	False	1.000	AAGPTLMSGSYNSARDYDY	2.31	False
pdb_00009dc3-AU	9dc3	254	False	1.000	AAGPTLMSGSYNSARDYDY	2.31	False
pdb_00009dc3-AV	9dc3	254	False	1.000	AAGPTLMSGSYNSARDYDY	2.31	False
pdb_00009dc3-AW	9dc3	254	False	1.000	AAGPTLMSGSYNSARDYDY	2.31	False
pdb_00009dc3-AX	9dc3	254	False	1.000	AAGPTLMSGSYNSARDYDY	2.31	False
pdb_00009dc3-AY	9dc3	254	False	1.000	AAGPTLMSGSYNSARDYDY	2.31	False
pdb_00009dc3-AZ	9dc3	254	False	1.000	AAGPTLMSGSYNSARDYDY	2.31	False
pdb_00009dc3-BA	9dc3	254	False	1.000	AAGPTLMSGSYNSARDYDY	2.31	False
pdb_00009dc3-BB	9dc3	254	False	1.000	AAGPTLMSGSYNSARDYDY	2.31	False
pdb_00009dc3-BC	9dc3	254	False	1.000	AAGPTLMSGSYNSARDYDY	2.31	False
pdb_00009dc3-BD	9dc3	254	False	1.000	AAGPTLMSGSYNSARDYDY	2.31	False
pdb_00009dc3-BE	9dc3	254	False	1.000	AAGPTLMSGSYNSARDYDY	2.31	False
pdb_00009dc3-BF	9dc3	254	False	1.000	AAGPTLMSGSYNSARDYDY	2.31	False
pdb_00009dc3-BG	9dc3	254	False	1.000	AAGPTLMSGSYNSARDYDY	2.31	False
pdb_00009dc3-BH	9dc3	254	False	1.000	AAGPTLMSGSYNSARDYDY	2.31	False
pdb_00009dc3-BI	9dc3	254	False	1.000	AAGPTLMSGSYNSARDYDY	2.31	False
pdb_00009dc3-BJ	9dc3	254	False	1.000	AAGPTLMSGSYNSARDYDY	2.31	False
pdb_00009dc3-BK	9dc3	254	False	1.000	AAGPTLMSGSYNSARDYDY	2.31	False
pdb_00009dc3-BL	9dc3	254	False	1.000	AAGPTLMSGSYNSARDYDY	2.31	False
pdb_00009dc3-BM	9dc3	254	False	1.000	AAGPTLMSGSYNSARDYDY	2.31	False
pdb_00009dc3-BN	9dc3	254	False	1.000	AAGPTLMSGSYNSARDYDY	2.31	False
pdb_00009dc3-BO	9dc3	254	False	1.000	AAGPTLMSGSYNSARDYDY	2.31	False
pdb_00009dc3-BP	9dc3	254	False	1.000	AAGPTLMSGSYNSARDYDY	2.31	False
pdb_00009dc3-BQ	9dc3	254	False	1.000	AAGPTLMSGSYNSARDYDY	2.31	False
pdb_00009dc3-BR	9dc3	254	False	1.000	AAGPTLMSGSYNSARDYDY	2.31	False
pdb_00009dc3-BS	9dc3	254	False	1.000	AAGPTLMSGSYNSARDYDY	2.31	False
pdb_00009dc3-BT	9dc3	254	False	1.000	AAGPTLMSGSYNSARDYDY	2.31	False
pdb_00009dc3-BU	9dc3	254	False	1.000	AAGPTLMSGSYNSARDYDY	2.31	False
pdb_00009dc3-BV	9dc3	254	False	1.000	AAGPTLMSGSYNSARDYDY	2.31	False
pdb_00009dc3-BW	9dc3	254	False	1.000	AAGPTLMSGSYNSARDYDY	2.31	False
pdb_00009dc3-BX	9dc3	254	False	1.000	AAGPTLMSGSYNSARDYDY	2.31	False
pdb_00009dc3-BY	9dc3	254	False	1.000	AAGPTLMSGSYNSARDYDY	2.31	False
pdb_00009dc3-BZ	9dc3	254	False	1.000	AAGPTLMSGSYNSARDYDY	2.31	False
pdb_00009dc3-CA	9dc3	254	False	1.000	AAGPTLMSGSYNSARDYDY	2.31	False
pdb_00009dc3-CB	9dc3	254	False	1.000	AAGPTLMSGSYNSARDYDY	2.31	False
pdb_00009dc3-CC	9dc3	254	False	1.000	AAGPTLMSGSYNSARDYDY	2.31	False
pdb_00009dc3-CD	9dc3	254	False	1.000	AAGPTLMSGSYNSARDYDY	2.31	False
pdb_00009dc3-CE	9dc3	254	False	1.000	AAGPTLMSGSYNSARDYDY	2.31	False
pdb_00009dc3-CF	9dc3	254	False	1.000	AAGPTLMSGSYNSARDYDY	2.31	False
pdb_00009dc3-CG	9dc3	254	False	1.000	AAGPTLMSGSYNSARDYDY	2.31	False
pdb_00009dc3-CH	9dc3	254	False	1.000	AAGPTLMSGSYNSARDYDY	2.31	False
pdb_00009dc3-CI	9dc3	254	False	1.000	AAGPTLMSGSYNSARDYDY	2.31	False
pdb_00009dc3-CJ	9dc3	254	False	1.000	AAGPTLMSGSYNSARDYDY	2.31	False
pdb_00009dc3-CK	9dc3	254	False	1.000	AAGPTLMSGSYNSARDYDY	2.31	False
pdb_00009dc3-CL	9dc3	254	False	1.000	AAGPTLMSGSYNSARDYDY	2.31	False
pdb_00009dc3-CM	9dc3	254	False	1.000	AAGPTLMSGSYNSARDYDY	2.31	False
pdb_00009dc3-CN	9dc3	254	False	1.000	AAGPTLMSGSYNSARDYDY	2.31	False
pdb_00009dc3-CO	9dc3	254	False	1.000	AAGPTLMSGSYNSARDYDY	2.31	False
pdb_00009dc3-CP	9dc3	254	False	1.000	AAGPTLMSGSYNSARDYDY	2.31	False
pdb_00008oud-D	8oud	255	True	1.000	NAVQILKTIY	2.31	False
pdb_00008oud-E	8oud	255	False	1.000	NAVQILKTIY	2.31	False
pdb_00008oud-F	8oud	255	False	1.000	NAVQILKTIY	2.31	False
pdb_00006uc6-C	6uc6	256	True	1.000	AALADCAGYASLTFDFDS	2.32005878384	False
pdb_00006uc6-D	6uc6	256	False	1.000	AALADCAGYASLTFDFDS	2.32005878384	False
pdb_00007zkz-B	7zkz	257	True	1.000	AADPESHVRLRLGVGAY	2.329	False
pdb_00007zk1-B	7zk1	257	False	1.000	AADPESHVRLRLGVGAY	2.65	False
pdb_00007zkz-C	7zkz	258	True	1.000	NVEGAPSWFSGIRSY	2.329	False
pdb_00008ybl-B	8ybl	259	True	1.000	AADSRGGIWYEQQLSTLRYNY	2.33	False
pdb_00008sos-D	8sos	260	True	1.000	AARLVPPGIPIERTLESMRY	2.33	False
pdb_00008sos-G	8sos	260	False	1.000	AARLVPPGIPIERTLESMRY	2.33	False
pdb_00009slq-E	9slq	261	True	1.000	NTVGGVHTNS	2.33	False
pdb_00009slq-G	9slq	261	False	1.000	NTVGGVHTNS	2.33	False
pdb_00006b20-F	6b20	262	True	1.000	NVGRSRGY	2.34	False
pdb_00006i8g-B	6i8g	263	True	1.000	AAGWPVKVISSADEYIN	2.344	False
pdb_00008h64-D	8h64	264	True	1.000	AVRDRGRVYSSTWSGFGS	2.35	False
pdb_00007ldj-E	7ldj	265	True	1.000	AAIAATYYSGSYYFQCPHDGMDY	2.36	False
pdb_00007ldj-F	7ldj	265	False	1.000	AAIAATYYSGSYYFQCPHDGMDY	2.36	False
pdb_00007ldj-G	7ldj	265	False	1.000	AAIAATYYSGSYYFQCPHDGMDY	2.36	False
pdb_00007ldj-H	7ldj	265	False	1.000	AAIAATYYSGSYYFQCPHDGMDY	2.36	False
pdb_00008owt-CCC	8owt	266	True	1.000	AITTIVRAYYTEYTEADFGS	2.37	False
pdb_00008owt-FFF	8owt	266	False	1.000	AITTIVRAYYTEYTEADFGS	2.37	False
pdb_00008owt-AAA	8owt	267	True	1.000	AASVGNYGLPWAHFEYDF	2.37	False
pdb_00008owt-DDD	8owt	267	False	1.000	AASVGNYGLPWAHFEYDF	2.37	False
pdb_00003zkx-C	3zkx	268	True	1.000	IYNGH	2.37	False
pdb_00007dv4-D	7dv4	269	True	1.000	ARAVPHSPSSFDI	2.38	False
pdb_00007tpr-D	7tpr	270	True	1.000	AAHGTYDKYAPCGGFAGTYTY	2.39	False
pdb_00007tpr-E	7tpr	270	False	1.000	AAHGTYDKYAPCGGFAGTYTY	2.39	False
pdb_00007tpr-F	7tpr	271	True	1.000	AAGSWYNQWGYSMDY	2.39	False
pdb_00007tpr-G	7tpr	271	False	1.000	AAGSWYNQWGYSMDY	2.39	False
pdb_00007tpr-H	7tpr	271	False	1.000	AAGSWYNQWGYSMDY	2.39	False
pdb_00006oq7-C	6oq7	272	True	1.000	KGPEL	2.39	False
pdb_00008en1-C	8en1	273	True	1.000	ASDRDHYSGTYYGRRFVEEYDY	2.4	False
pdb_00008en1-D	8en1	273	False	1.000	ASDRDHYSGTYYGRRFVEEYDY	2.4	False
pdb_00007x2j-B	7x2j	274	True	1.000	AAGGNQYYSATYSIWNEYDF	2.4	False
pdb_00007x2k-B	7x2k	274	False	1.000	AAGGNQYYSATYSIWNEYDF	2.4	False
pdb_00008qz3-C	8qz3	275	True	1.000	AARDRLGGAGTATFWGDYDY	2.4	False
pdb_00008qz3-E	8qz3	275	False	1.000	AARDRLGGAGTATFWGDYDY	2.4	False
pdb_00006ey0-E	6ey0	276	True	1.000	AATPYGSRYYLRELREYDY	2.4	False
pdb_00006ey0-F	6ey0	276	False	1.000	AATPYGSRYYLRELREYDY	2.4	False
pdb_00006ey0-G	6ey0	276	False	1.000	AATPYGSRYYLRELREYDY	2.4	False
pdb_00006ey0-H	6ey0	276	False	1.000	AATPYGSRYYLRELREYDY	2.4	False
pdb_00008y9t-B	8y9t	277	True	1.000	ATNSGDGKRYCSGGYCYRS	2.4	False
pdb_00008z9o-N	8z9o	104	False	1.000	ARCPAPFTRDCFDVTSTTYAY	2.4	False
pdb_00008jis-N	8jis	104	False	1.000	ARCPAPFTRDCFDVTSTTYAY	2.46	False
pdb_00007cz5-N	7cz5	104	False	1.000	ARCPAPFTRDCFDVTSTTYAY	2.6	False
pdb_00009jcl-N	9jcl	104	False	1.000	ARCPAPFTRDCFDVTSTTYAY	2.76	False
pdb_00008hmp-N	8hmp	104	False	1.000	ARCPAPFTRDCFDVTSTTYAY	2.77	False
pdb_00007y36-N	7y36	104	False	1.000	ARCPAPFTRDCFDVTSTTYAY	2.8	False
pdb_000024ti-N	24ti	104	False	1.000	ARCPAPFTRDCFDVTSTTYAY	2.88	False
pdb_00007y35-N	7y35	104	False	1.000	ARCPAPFTRDCFDVTSTTYAY	2.9	False
pdb_00008hmv-N	8hmv	104	False	1.000	ARCPAPFTRDCFDVTSTTYAY	2.91	False
pdb_00006nbf-N	6nbf	104	False	1.000	ARCPAPFTRDCFDVTSTTYAY	3.0	False
pdb_00007d68-N	7d68	104	False	1.000	ARCPAPFTRDCFDVTSTTYAY	3.0	False
pdb_00007f53-N	7f53	104	False	1.000	ARCPAPFTRDCFDVTSTTYAY	3.0	False
pdb_00007f54-N	7f54	104	False	1.000	ARCPAPFTRDCFDVTSTTYAY	3.0	False
pdb_00007xov-N	7xov	104	False	1.000	ARCPAPFTRDCFDVTSTTYAY	3.0	False
pdb_00003k80-A	3k80	278	True	1.000	AGDLYGLGSHMENEYDS	2.4	False
pdb_00003k80-B	3k80	278	False	1.000	AGDLYGLGSHMENEYDS	2.4	False
pdb_00004ios-D	4ios	279	True	1.000	AATLDWGKTLSDEYDY	2.4	False
pdb_00004ios-E	4ios	279	False	1.000	AATLDWGKTLSDEYDY	2.4	False
pdb_00004ios-F	4ios	279	False	1.000	AATLDWGKTLSDEYDY	2.4	False
pdb_00004ios-G	4ios	279	False	1.000	AATLDWGKTLSDEYDY	2.4	False
pdb_00007b5g-B	7b5g	280	True	1.000	NVGSFYRGNYYGGSS	2.4	False
pdb_00007b5g-D	7b5g	280	False	1.000	NVGSFYRGNYYGGSS	2.4	False
pdb_00007b5g-F	7b5g	280	False	1.000	NVGSFYRGNYYGGSS	2.4	False
pdb_00007b5g-H	7b5g	280	False	1.000	NVGSFYRGNYYGGSS	2.4	False
pdb_00007ul2-D	7ul2	281	True	1.000	NAEYRTGIWEELLDG	2.4	False
pdb_00008hn1-D	8hn1	281	False	1.000	NAEYRTGIWEELLDG	2.9	False
pdb_00008zp2-B	8zp2	282	True	1.000	NVKDAGWASYQYDY	2.4	False
pdb_00008zp1-B	8zp1	282	False	1.000	NVKDAGWASYQYDY	2.5	False
pdb_00008zpb-B	8zpb	282	False	1.000	NVKDAGWASYQYDY	2.6	False
pdb_00008eln-C	8eln	283	True	1.000	NAQILSWMGGTDY	2.4	False
pdb_00008eln-D	8eln	283	False	1.000	NAQILSWMGGTDY	2.4	False
pdb_00008eln-G	8eln	283	False	1.000	NAQILSWMGGTDY	2.4	False
pdb_00008eln-H	8eln	283	False	1.000	NAQILSWMGGTDY	2.4	False
pdb_00008eln-K	8eln	283	False	1.000	NAQILSWMGGTDY	2.4	False
pdb_00008eln-L	8eln	283	False	1.000	NAQILSWMGGTDY	2.4	False
pdb_00009rn6-C	9rn6	284	True	1.000	AARSPGGILYDY	2.4	False
pdb_00005g5r-B	5g5r	285	True	1.000	TAGWGATPRSY	2.4	False
pdb_00005g5x-B	5g5x	285	False	1.000	TAGWGATPRSY	2.8	False
pdb_00009rn6-B	9rn6	286	True	1.000	HTYGDSPERGY	2.4	False
pdb_00004lgp-B	4lgp	287	True	1.000	VSGCYSWRGP	2.4	False
pdb_00004lgp-D	4lgp	287	False	1.000	VSGCYSWRGP	2.4	False
pdb_00008h5u-B	8h5u	288	True	1.000	NLGTI	2.401	False
pdb_00008h5u-D	8h5u	288	False	1.000	NLGTI	2.401	False
pdb_00003p9w-B	3p9w	289	True	1.000	YYHYYGWHPGYGLSYS	2.41	False
pdb_00003p9w-D	3p9w	289	False	1.000	YYHYYGWHPGYGLSYS	2.41	False
pdb_00003p9w-F	3p9w	289	False	1.000	YYHYYGWHPGYGLSYS	2.41	False
pdb_00003p9w-H	3p9w	289	False	1.000	YYHYYGWHPGYGLSYS	2.41	False
pdb_00009e7k-C	9e7k	290	True	1.000	AAGRNIWHAY	2.41	False
pdb_00008cd0-C	8cd0	291	True	1.000	AADRSKYCVGKYFSTPSQYDF	2.42	False
pdb_00009ucl-D	9ucl	292	True	1.000	AASWHWNPPDHSWDAGY	2.43	False
pdb_00009ucl-E	9ucl	292	False	1.000	AASWHWNPPDHSWDAGY	2.43	False
pdb_00009ucl-F	9ucl	292	False	1.000	AASWHWNPPDHSWDAGY	2.43	False
pdb_00008k3k-D	8k3k	293	True	1.000	AYWDMDYLQNSIPVDY	2.43	False
pdb_000021tw-A1	21tw	294	True	1.000	ARSPSGFN	2.43	False
pdb_000021tw-A2	21tw	294	False	1.000	ARSPSGFN	2.43	False
pdb_00008z8m-B	8z8m	294	False	1.000	ARSPSGFN	2.59	False
pdb_00008z8m-D	8z8m	294	False	1.000	ARSPSGFN	2.59	False
pdb_00008z8m-F	8z8m	294	False	1.000	ARSPSGFN	2.59	False
pdb_00008z8m-H	8z8m	294	False	1.000	ARSPSGFN	2.59	False
pdb_00008z8m-J	8z8m	294	False	1.000	ARSPSGFN	2.59	False
pdb_00008z8m-L	8z8m	294	False	1.000	ARSPSGFN	2.59	False
pdb_00008dlx-H	8dlx	295	True	1.000	ARVWLYGSGYMDV	2.45	False
pdb_00008dlz-H	8dlz	295	False	1.000	ARVWLYGSGYMDV	2.57	False
pdb_00008dly-H	8dly	295	False	1.000	ARVWLYGSGYMDV	3.0	False
pdb_00009vwo-B	9vwo	296	True	1.000	AKGGYYTGTPAY	2.45	False
pdb_00008dqu-A	8dqu	297	True	1.000	AAPKFRYYFSTSPGDFDS	2.45003185971	False
pdb_00008dqu-B	8dqu	297	False	1.000	AAPKFRYYFSTSPGDFDS	2.45003185971	False
pdb_00007d8b-B	7d8b	44	False	0.977	GRVAKALNSRSPSFVVNTYSSIGFDY	2.46	False
pdb_00007d8b-D	7d8b	44	False	0.977	GRVAKALNSRSPSFVVNTYSSIGFDY	2.46	False
pdb_00008yot-A	8yot	298	True	1.000	AVTGLRIYPFVY	2.48	False
pdb_00008yot-C	8yot	298	False	1.000	AVTGLRIYPFVY	2.48	False
pdb_00009e7n-C	9e7n	299	True	1.000	AARWPGGGMWYEPPYDY	2.49	False
pdb_00009e7n-D	9e7n	299	False	1.000	AARWPGGGMWYEPPYDY	2.49	False
pdb_00005ja8-H	5ja8	300	True	1.000	VADFACPLIREYDY	2.49	False
pdb_00006gjq-B	6gjq	301	True	1.000	HATVVVSRYGLTYDY	2.49	False
pdb_00006gjq-D	6gjq	301	False	1.000	HATVVVSRYGLTYDY	2.49	False
pdb_00006gjq-F	6gjq	301	False	1.000	HATVVVSRYGLTYDY	2.49	False
pdb_00006gjq-H	6gjq	301	False	1.000	HATVVVSRYGLTYDY	2.49	False
pdb_00006obm-B	6obm	302	True	1.000	NAVGGTYYYDEYDY	2.495	False
pdb_00001jto-A	1jto	303	True	1.000	AADSTIYASYYECGHGLSTGGYGYDS	2.5	False
pdb_00001jto-B	1jto	303	False	1.000	AADSTIYASYYECGHGLSTGGYGYDS	2.5	False
pdb_00001mel-A	1mel	303	False	1.000	AADSTIYASYYECGHGLSTGGYGYDS	2.5	False
pdb_00001mel-B	1mel	303	False	1.000	AADSTIYASYYECGHGLSTGGYGYDS	2.5	False
pdb_00007wd1-C	7wd1	304	True	1.000	AATPATYYSGRYYYQCPAGGMDY	2.5	False
pdb_00007wd1-D	7wd1	304	False	1.000	AATPATYYSGRYYYQCPAGGMDY	2.5	False
pdb_00009lr1-C	9lr1	305	True	1.000	AAVPRAGIEYSGAYCKWNMKDSGS	2.5	False
pdb_00009lqw-C	9lqw	305	False	1.000	AAVPRAGIEYSGAYCKWNMKDSGS	2.7	False
pdb_00009lqw-D	9lqw	305	False	1.000	AAVPRAGIEYSGAYCKWNMKDSGS	2.7	False
pdb_00009lqx-C	9lqx	305	False	1.000	AAVPRAGIEYSGAYCKWNMKDSGS	2.7	False
pdb_00009xou-D	9xou	306	True	1.000	AAAARPSYSGDYGYTEALRYDY	2.5	False
pdb_00009xou-E	9xou	306	False	1.000	AAAARPSYSGDYGYTEALRYDY	2.5	False
pdb_00009xou-F	9xou	306	False	1.000	AAAARPSYSGDYGYTEALRYDY	2.5	False
pdb_00008q94-C	8q94	307	True	1.000	AAGPLPPGISCRIPTPLGYDD	2.5	False
pdb_00005u4m-B	5u4m	308	True	1.000	AARLGGWASFSPQEYDY	2.5	False
pdb_00008q94-B	8q94	309	True	1.000	AADEAYYHEKGWQSPLGWPY	2.5	False
pdb_00009eru-C	9eru	310	True	1.000	NMDLTVMTATSSLYAYDY	2.5	False
pdb_00009eru-E	9eru	310	False	1.000	NMDLTVMTATSSLYAYDY	2.5	False
pdb_00009eru-G	9eru	310	False	1.000	NMDLTVMTATSSLYAYDY	2.5	False
pdb_00009eru-H	9eru	310	False	1.000	NMDLTVMTATSSLYAYDY	2.5	False
pdb_00003stb-A	3stb	311	True	1.000	AADRFSPVVPGPIPVNTVDS	2.5	False
pdb_00003stb-B	3stb	311	False	1.000	AADRFSPVVPGPIPVNTVDS	2.5	False
pdb_00007nmu-CCC	7nmu	312	True	1.000	ATSPLYSTNDRCISEDYDY	2.5	False
pdb_00007nmu-DDD	7nmu	312	False	1.000	ATSPLYSTNDRCISEDYDY	2.5	False
pdb_00007zmm-E	7zmm	313	True	1.000	EAYGTYTLAPTGEGEYDDY	2.5	False
pdb_00007zmm-F	7zmm	313	False	1.000	EAYGTYTLAPTGEGEYDDY	2.5	False
pdb_00007zmm-G	7zmm	313	False	1.000	EAYGTYTLAPTGEGEYDDY	2.5	False
pdb_00007zmm-K	7zmm	313	False	1.000	EAYGTYTLAPTGEGEYDDY	2.5	False
pdb_00009obn-G	9obn	314	True	1.000	AQTGSTGWPAGRTYTYDY	2.5	False
pdb_00009obn-H	9obn	314	False	1.000	AQTGSTGWPAGRTYTYDY	2.5	False
pdb_00006hjx-F	6hjx	315	True	1.000	GARIGGSDRLAPENYGY	2.5	False
pdb_00006hjx-G	6hjx	315	False	1.000	GARIGGSDRLAPENYGY	2.5	False
pdb_00006hjx-H	6hjx	315	False	1.000	GARIGGSDRLAPENYGY	2.5	False
pdb_00006hjx-I	6hjx	315	False	1.000	GARIGGSDRLAPENYGY	2.5	False
pdb_00006hjx-J	6hjx	315	False	1.000	GARIGGSDRLAPENYGY	2.5	False
pdb_00006hjy-F	6hjy	315	False	1.000	GARIGGSDRLAPENYGY	2.78	False
pdb_00006hjy-J	6hjy	315	False	1.000	GARIGGSDRLAPENYGY	2.78	False
pdb_00009uo0-A	9uo0	316	True	1.000	AMHWSGDYLHETSYDY	2.5	False
pdb_00009vxh-B	9vxh	317	True	1.000	GAGGIATMRDLPAIAH	2.5	False
pdb_00009vxh-D	9vxh	317	False	1.000	GAGGIATMRDLPAIAH	2.5	False
pdb_00004nc2-B	4nc2	318	True	1.000	AAGLGWDSRYSQSYNY	2.5	False
pdb_00005y80-B	5y80	319	True	1.000	VRRGYSGDYRPINNP	2.5	False
pdb_00004c57-D	4c57	319	False	1.000	VRRGYSGDYRPINNP	2.55	False
pdb_00006h7n-C	6h7n	320	True	1.000	NVKDFGAIIYDYDY	2.5	False
pdb_00006h7n-D	6h7n	320	False	1.000	NVKDFGAIIYDYDY	2.5	False
pdb_00007bu7-B	7bu7	320	False	1.000	NVKDFGAIIYDYDY	2.6	False
pdb_00006h7l-C	6h7l	320	False	1.000	NVKDFGAIIYDYDY	2.7	False
pdb_00006h7l-D	6h7l	320	False	1.000	NVKDFGAIIYDYDY	2.7	False
pdb_00006h7m-C	6h7m	320	False	1.000	NVKDFGAIIYDYDY	2.76	False
pdb_00006h7m-D	6h7m	320	False	1.000	NVKDFGAIIYDYDY	2.76	False
pdb_00004lde-B	4lde	320	False	1.000	NVKDFGAIIYDYDY	2.79	False
pdb_00006h7o-C	6h7o	320	False	1.000	NVKDFGAIIYDYDY	2.8	False
pdb_00006h7o-D	6h7o	320	False	1.000	NVKDFGAIIYDYDY	2.8	False
pdb_00008zoy-B	8zoy	321	True	1.000	NVKDNGAWRQNYDY	2.5	False
pdb_00005vxj-B	5vxj	322	True	1.000	NAGIFDGNYRTY	2.5	False
pdb_00005vxj-F	5vxj	322	False	1.000	NAGIFDGNYRTY	2.5	False
pdb_00005vxj-H	5vxj	322	False	1.000	NAGIFDGNYRTY	2.5	False
pdb_00005vxj-J	5vxj	322	False	1.000	NAGIFDGNYRTY	2.5	False
pdb_00007nvl-N	7nvl	323	True	1.000	KANRNWGREWDDY	2.5	False
pdb_00007nvl-n	7nvl	323	False	1.000	KANRNWGREWDDY	2.5	False
pdb_00007nvn-N	7nvn	323	False	1.000	KANRNWGREWDDY	3.0	False
pdb_00007nvn-n	7nvn	323	False	1.000	KANRNWGREWDDY	3.0	False
pdb_00009hng-C	9hng	324	True	1.000	NARRDNFATAIY	2.5	False
pdb_00004eig-B	4eig	325	True	1.000	NANRGLAGPAY	2.5	False
pdb_00008g73-C	8g73	326	True	1.000	YAVDKSQDY	2.5	False
pdb_00008g73-E	8g73	326	False	1.000	YAVDKSQDY	2.5	False
pdb_00008g73-F	8g73	326	False	1.000	YAVDKSQDY	2.5	False
pdb_00008g74-C	8g74	326	False	1.000	YAVDKSQDY	2.5	False
pdb_00008g74-E	8g74	326	False	1.000	YAVDKSQDY	2.5	False
pdb_00006qgy-B	6qgy	327	True	1.000	AAKTGTWATMDRRYDY	2.509	False
pdb_00006qgy-D	6qgy	327	False	1.000	AAKTGTWATMDRRYDY	2.509	False
pdb_00007r98-D	7r98	328	True	1.000	ASGRYLGGITSYSQGDFAP	2.51	False
pdb_00007r98-E	7r98	328	False	1.000	ASGRYLGGITSYSQGDFAP	2.51	False
pdb_00007r98-F	7r98	328	False	1.000	ASGRYLGGITSYSQGDFAP	2.51	False
pdb_00008cwv-B	8cwv	329	True	1.000	AIGGNHYDPSKYYTADEYDY	2.51	False
pdb_00004w6w-B	4w6w	330	True	1.000	ATGPFVYGRGCLGQAFYSY	2.51	False
pdb_00008hbv-B	8hbv	331	True	1.000	NVKDFGWRWEAYDY	2.51	False
pdb_00008j1n-B	8j1n	331	False	1.000	NVKDFGWRWEAYDY	2.51	False
pdb_00008hbw-B	8hbw	331	False	1.000	NVKDFGWRWEAYDY	2.57	False
pdb_00006u51-A	6u51	332	True	1.000	NLNVRTAVAGRNDY	2.52	False
pdb_00006u51-C	6u51	332	False	1.000	NLNVRTAVAGRNDY	2.52	False
pdb_00009vup-B	9vup	333	True	1.000	NTDNGDGLGDDY	2.52	False
pdb_00009vup-D	9vup	333	False	1.000	NTDNGDGLGDDY	2.52	False
pdb_00005vxk-B	5vxk	334	True	1.000	AADRYTSVRQMCTMIEGLHRV	2.55	False
pdb_00004grw-F	4grw	335	True	1.000	ATDPECYRVRGYYNGEYDY	2.55	False
pdb_00004grw-J	4grw	335	False	1.000	ATDPECYRVRGYYNGEYDY	2.55	False
pdb_00004grw-E	4grw	336	True	1.000	ARVRTGWGLNAPDYAMDY	2.55	False
pdb_00004grw-G	4grw	336	False	1.000	ARVRTGWGLNAPDYAMDY	2.55	False
pdb_00009g9m-C	9g9m	337	True	1.000	AAKFYGGNSKRPGDYAY	2.55	False
pdb_00009g9o-C	9g9o	337	False	1.000	AAKFYGGNSKRPGDYAY	2.69	False
pdb_00009g9n-C	9g9n	337	False	1.000	AAKFYGGNSKRPGDYAY	2.8	False
pdb_00009g9p-C	9g9p	337	False	1.000	AAKFYGGNSKRPGDYAY	2.8	False
pdb_00004grw-H	4grw	338	True	1.000	GETSLFPTSRGSHYDT	2.55	False
pdb_00004grw-I	4grw	338	False	1.000	GETSLFPTSRGSHYDT	2.55	False
pdb_00007kn6-C	7kn6	339	True	1.000	ATEGSLGGWGRDFGS	2.55	False
pdb_00007b18-E	7b18	339	False	1.000	ATEGSLGGWGRDFGS	2.62	False
pdb_00007b18-G	7b18	339	False	1.000	ATEGSLGGWGRDFGS	2.62	False
pdb_00007b18-I	7b18	339	False	1.000	ATEGSLGGWGRDFGS	2.62	False
pdb_00009ulp-C	9ulp	340	True	1.000	NVRGHPPLTYDY	2.55	False
pdb_00009ulp-D	9ulp	340	False	1.000	NVRGHPPLTYDY	2.55	False
pdb_00009vts-G	9vts	341	True	1.000	AADASYSPCYSAMTLRQSAYNS	2.56	False
pdb_00009vts-H	9vts	341	False	1.000	AADASYSPCYSAMTLRQSAYNS	2.56	False
pdb_00009vts-I	9vts	341	False	1.000	AADASYSPCYSAMTLRQSAYNS	2.56	False
pdb_00005o0w-E	5o0w	69	False	0.985	ALDTTDRYDSANGRYYCTISSDTYDY	2.57	False
pdb_00005o0w-F	5o0w	69	False	0.985	ALDTTDRYDSANGRYYCTISSDTYDY	2.57	False
pdb_00005o0w-G	5o0w	69	False	0.985	ALDTTDRYDSANGRYYCTISSDTYDY	2.57	False
pdb_00005o0w-H	5o0w	69	False	0.985	ALDTTDRYDSANGRYYCTISSDTYDY	2.57	False
pdb_00003cfi-C	3cfi	342	True	1.000	AKWLGGRDWYD	2.58	False
pdb_00003cfi-F	3cfi	342	False	1.000	AKWLGGRDWYD	2.58	False
pdb_00003cfi-I	3cfi	342	False	1.000	AKWLGGRDWYD	2.58	False
pdb_00003cfi-L	3cfi	342	False	1.000	AKWLGGRDWYD	2.58	False
pdb_00009rxi-H	9rxi	343	True	1.000	AARYVGEGPRSELLYSDLMTVDY	2.59	False
pdb_00007uia-B	7uia	344	True	1.000	AAEDRLGVPTINAHPSKYDYNY	2.59	False
pdb_00007uia-E	7uia	344	False	1.000	AAEDRLGVPTINAHPSKYDYNY	2.59	False
pdb_00007uib-B	7uib	344	False	1.000	AAEDRLGVPTINAHPSKYDYNY	2.77	False
pdb_00007uib-E	7uib	344	False	1.000	AAEDRLGVPTINAHPSKYDYNY	2.77	False
pdb_00007z1a-E	7z1a	18	False	0.969	AQTRVTRSLLSDYATWPYDY	2.59	False
pdb_00007z1a-F	7z1a	18	False	0.969	AQTRVTRSLLSDYATWPYDY	2.59	False
pdb_00009j7y-H	9j7y	345	True	1.000	AVAWLSIPDLAEWYDY	2.59	False
pdb_00009nn9-B	9nn9	346	True	1.000	HASTLWPEKHQDY	2.59	False
pdb_00009nn9-D	9nn9	346	False	1.000	HASTLWPEKHQDY	2.59	False
pdb_00008k4q-B	8k4q	347	True	1.000	AASDNDGNCQDY	2.59	False
pdb_00008k4q-D	8k4q	347	False	1.000	AASDNDGNCQDY	2.59	False
pdb_00006ssi-F	6ssi	348	True	1.000	NVGAS	2.59	False
pdb_00006ssi-G	6ssi	348	False	1.000	NVGAS	2.59	False
pdb_00006ssi-H	6ssi	348	False	1.000	NVGAS	2.59	False
pdb_00006ssi-I	6ssi	348	False	1.000	NVGAS	2.59	False
pdb_00006ssi-J	6ssi	348	False	1.000	NVGAS	2.59	False
pdb_000028jf-F	28jf	349	True	1.000	VGEIQYGTRYY	2.593	False
pdb_000028jf-G	28jf	349	False	1.000	VGEIQYGTRYY	2.593	False
pdb_000028jf-H	28jf	349	False	1.000	VGEIQYGTRYY	2.593	False
pdb_000028jf-I	28jf	349	False	1.000	VGEIQYGTRYY	2.593	False
pdb_000028jf-J	28jf	349	False	1.000	VGEIQYGTRYY	2.593	False
pdb_000028jf-Q	28jf	349	False	1.000	VGEIQYGTRYY	2.593	False
pdb_000028jf-R	28jf	349	False	1.000	VGEIQYGTRYY	2.593	False
pdb_000028jf-S	28jf	349	False	1.000	VGEIQYGTRYY	2.593	False
pdb_000028jf-T	28jf	349	False	1.000	VGEIQYGTRYY	2.593	False
pdb_000028jf-U	28jf	349	False	1.000	VGEIQYGTRYY	2.593	False
pdb_00008wcg-E	8wcg	350	True	1.000	AAIDQMTAVRSQGPCSMTPNDYHD	2.599	False
pdb_00008wcg-b	8wcg	350	False	1.000	AAIDQMTAVRSQGPCSMTPNDYHD	2.599	False
pdb_00008wcg-C	8wcg	351	True	1.000	VAGGNHYDSARYFSEREWDY	2.599	False
pdb_00008wcg-D	8wcg	351	False	1.000	VAGGNHYDSARYFSEREWDY	2.599	False
pdb_00005mje-B	5mje	352	True	1.000	YEESRRPLGSRNTY	2.599	False
pdb_00003k3q-A	3k3q	353	True	1.000	AADEDVTPRVMGVIPHADH	2.6	False
pdb_00007wki-B	7wki	354	True	1.000	AAAVSPNLECGTGPFGIYASYYGMDY	2.6	False
pdb_00006cwg-B	6cwg	355	True	1.000	AASTTYCSATTYSSDRLYDF	2.6	False
pdb_00006cwg-D	6cwg	355	False	1.000	AASTTYCSATTYSSDRLYDF	2.6	False
pdb_00007klw-C	7klw	356	True	1.000	AAAAWGYAWPLHQDDYWY	2.6	False
pdb_00007p77-W	7p77	356	False	1.000	AAAAWGYAWPLHQDDYWY	2.98	False
pdb_00007p77-X	7p77	356	False	1.000	AAAAWGYAWPLHQDDYWY	2.98	False
pdb_00007p77-Y	7p77	356	False	1.000	AAAAWGYAWPLHQDDYWY	2.98	False
pdb_00008v5k-D	8v5k	357	True	1.000	AVGRPPLNRPTLAYY	2.6	False
pdb_00008v5k-E	8v5k	357	False	1.000	AVGRPPLNRPTLAYY	2.6	False
pdb_00008v5k-F	8v5k	357	False	1.000	AVGRPPLNRPTLAYY	2.6	False
pdb_00002wzp-D	2wzp	358	True	1.000	AARSGGFSSNRELYDG	2.6	False
pdb_00002wzp-E	2wzp	358	False	1.000	AARSGGFSSNRELYDG	2.6	False
pdb_00002wzp-F	2wzp	358	False	1.000	AARSGGFSSNRELYDG	2.6	False
pdb_00002wzp-J	2wzp	358	False	1.000	AARSGGFSSNRELYDG	2.6	False
pdb_00002wzp-K	2wzp	358	False	1.000	AARSGGFSSNRELYDG	2.6	False
pdb_00002wzp-L	2wzp	358	False	1.000	AARSGGFSSNRELYDG	2.6	False
pdb_00002bse-D	2bse	358	False	1.000	AARSGGFSSNRELYDG	2.7	False
pdb_00002bse-E	2bse	358	False	1.000	AARSGGFSSNRELYDG	2.7	False
pdb_00002bse-F	2bse	358	False	1.000	AARSGGFSSNRELYDG	2.7	False
pdb_00006h15-D	6h15	359	True	1.000	AARGRRYFDFTYSDVYDY	2.6	False
pdb_00009fgg-G	9fgg	360	True	1.000	AAGAGFWGLRTASSYHY	2.6	False
pdb_00009fgh-G	9fgh	360	False	1.000	AAGAGFWGLRTASSYHY	3.0	False
pdb_00009sf4-Ba	9sf4	361	True	1.000	NAQRVALTISPNDGY	2.6	False
pdb_00009sf4-Bb	9sf4	361	False	1.000	NAQRVALTISPNDGY	2.6	False
pdb_00009sf4-Bc	9sf4	361	False	1.000	NAQRVALTISPNDGY	2.6	False
pdb_00008cyd-D	8cyd	362	True	1.000	NAGIPMTTVLSGLGF	2.6	False
pdb_00008cyd-E	8cyd	362	False	1.000	NAGIPMTTVLSGLGF	2.6	False
pdb_00008cyd-F	8cyd	362	False	1.000	NAGIPMTTVLSGLGF	2.6	False
pdb_00006gju-C	6gju	363	True	1.000	NADVRTRWYASNNY	2.6	False
pdb_00007klw-B	7klw	246	False	1.000	NVKDVGHHYEYYDY	2.6	False
pdb_00005vnw-D	5vnw	364	True	1.000	AVLETRSYSFRY	2.6	False
pdb_00007t5f-F	7t5f	365	True	1.000	AAKSTISTPLS	2.6	False
pdb_00007kgk-B	7kgk	366	True	1.000	IVWVGAQY	2.6	False
pdb_00008v5k-G	8v5k	367	True	1.000	YAESFVLNIY	2.6	False
pdb_00008v5k-H	8v5k	367	False	1.000	YAESFVLNIY	2.6	False
pdb_00008v5k-I	8v5k	367	False	1.000	YAESFVLNIY	2.6	False
pdb_00008v5a-U	8v5a	367	False	1.000	YAESFVLNIY	3.0	False
pdb_00008v5a-W	8v5a	367	False	1.000	YAESFVLNIY	3.0	False
pdb_00008v5a-Y	8v5a	367	False	1.000	YAESFVLNIY	3.0	False
pdb_00009ytf-D	9ytf	167	False	1.000	YGLSYSNDDY	2.6	False
pdb_00009zzo-E	9zzo	368	True	1.000	NTFVRSLS	2.6	False
pdb_00009uyn-B	9uyn	368	False	1.000	NTFVRSLS	2.9	False
pdb_00009faj-G	9faj	360	False	1.000	AAGAGFWGLRTASSYHY	2.6	False
pdb_00009faj-P	9faj	360	False	1.000	AAGAGFWGLRTASSYHY	2.6	False
pdb_00009fak-G	9fak	360	False	1.000	AAGAGFWGLRTASSYHY	2.6	False
pdb_00009fak-P	9fak	360	False	1.000	AAGAGFWGLRTASSYHY	2.6	False
pdb_00009fap-G	9fap	360	False	1.000	AAGAGFWGLRTASSYHY	2.8	False
pdb_00009faq-G	9faq	360	False	1.000	AAGAGFWGLRTASSYHY	2.9	False
pdb_00003rjq-B	3rjq	369	True	1.000	AAKWRPLRYSDYPSNSDYYD	2.601	False
pdb_00007ri2-B	7ri2	369	False	1.000	AAKWRPLRYSDYPSNSDYYD	2.8	False
pdb_00004pfe-A	4pfe	197	False	0.991	NVNVGFEY	2.603	False
pdb_00004pfe-B	4pfe	197	False	0.991	NVNVGFEY	2.603	False
pdb_00004weu-D	4weu	370	True	1.000	AAQKSLNVPAPWDY	2.61	False
pdb_00004weu-E	4weu	370	False	1.000	AAQKSLNVPAPWDY	2.61	False
pdb_00004s10-A	4s10	371	True	1.000	AADLHRPYGPGSQRTDDYDT	2.614	False
pdb_00004s10-B	4s10	371	False	1.000	AADLHRPYGPGSQRTDDYDT	2.614	False
pdb_00007azb-B	7azb	372	True	1.000	APQRSIYQSHKPIY	2.62	False
pdb_00009fy8-D	9fy8	31	False	1.000	XXXXXXXXXXXXXX	2.62	False
pdb_00009fy8-V	9fy8	31	False	1.000	XXXXXXXXXXXXXX	2.62	False
pdb_00009ubr-G	9ubr	373	True	1.000	AAGSAFSLSPGRFPY	2.62	False
pdb_00009ubr-H	9ubr	373	False	1.000	AAGSAFSLSPGRFPY	2.62	False
pdb_00009ubr-I	9ubr	373	False	1.000	AAGSAFSLSPGRFPY	2.62	False
pdb_00009ubr-J	9ubr	373	False	1.000	AAGSAFSLSPGRFPY	2.62	False
pdb_00009ubr-K	9ubr	373	False	1.000	AAGSAFSLSPGRFPY	2.62	False
pdb_00009ubr-L	9ubr	373	False	1.000	AAGSAFSLSPGRFPY	2.62	False
pdb_00009kgk-E	9kgk	374	True	1.000	ASRTRAGVTCGLNWAIFSY	2.63	False
pdb_00009kgk-B	9kgk	375	True	1.000	AAASLSTRGCSRAEWEYRY	2.63	False
pdb_00009fvc-C	9fvc	376	True	1.000	AAERWLATPQAMAVTPNALDA	2.64	False
pdb_00009fvc-H	9fvc	376	False	1.000	AAERWLATPQAMAVTPNALDA	2.64	False
pdb_00009m1u-N	9m1u	104	False	1.000	ARCPAPFTRDCFDVTSTTYAY	2.64	False
pdb_00009m1s-N	9m1s	104	False	1.000	ARCPAPFTRDCFDVTSTTYAY	2.65	False
pdb_00009m1r-N	9m1r	104	False	1.000	ARCPAPFTRDCFDVTSTTYAY	2.66	False
pdb_00006gs4-H	6gs4	377	True	1.000	AAKQYGSRADYPWDDYDY	2.645	False
pdb_00004dk6-A	4dk6	378	True	1.000	AADRFPTMEVVTIMTNEYDY	2.65	False
pdb_00004dk6-B	4dk6	378	False	1.000	AADRFPTMEVVTIMTNEYDY	2.65	False
pdb_00004dk3-A	4dk3	378	False	1.000	AADRFPTMEVVTIMTNEYDY	2.76	False
pdb_00004dk3-B	4dk3	378	False	1.000	AADRFPTMEVVTIMTNEYDY	2.76	False
pdb_00006zcz-F	6zcz	24	False	0.984	AQTHYVSYLLSDYATWPYDY	2.65	False
pdb_00006ehg-C	6ehg	379	True	1.000	AAGTGWSPQTDNEYNY	2.65	False
pdb_00007my2-A	7my2	380	True	1.000	AADRGMGYGDFMDY	2.65	False
pdb_00007my2-D	7my2	380	False	1.000	AADRGMGYGDFMDY	2.65	False
pdb_00007my2-H	7my2	380	False	1.000	AADRGMGYGDFMDY	2.65	False
pdb_00007zk1-C	7zk1	381	True	1.000	NVKDEGWYWQTYDY	2.65	False
pdb_00009qqs-C	9qqs	382	True	1.000	HAYTVRRFQGMEY	2.65	False
pdb_00009qty-C	9qty	382	False	1.000	HAYTVRRFQGMEY	2.98	False
pdb_00005ovw-G	5ovw	383	True	1.000	AAAHRIFGGCLVIHSSGYVS	2.653	False
pdb_00009hlw-H	9hlw	384	True	1.000	AVAACHFCDSLPKTQDEYIL	2.66	False
pdb_00009hlw-Q	9hlw	384	False	1.000	AVAACHFCDSLPKTQDEYIL	2.66	False
pdb_00007mjh-D	7mjh	385	True	1.000	ARDNLGYRPSENLYGMDV	2.66	False
pdb_00007mjh-F	7mjh	385	False	1.000	ARDNLGYRPSENLYGMDV	2.66	False
pdb_00007mji-E	7mji	385	False	1.000	ARDNLGYRPSENLYGMDV	2.81	False
pdb_00009mte-B	9mte	386	True	1.000	YMDQRLDGSTLAY	2.66	True
pdb_00009mte-A	9mte	387	True	1.000	WDVNGDI	2.66	True
pdb_00007x7e-A	7x7e	388	True	1.000	AAHFVPPGSRLRGCLVNELYNY	2.67	False
pdb_00007x7e-B	7x7e	388	False	1.000	AAHFVPPGSRLRGCLVNELYNY	2.67	False
pdb_00007x7e-E	7x7e	388	False	1.000	AAHFVPPGSRLRGCLVNELYNY	2.67	False
pdb_00007x7d-B	7x7d	388	False	1.000	AAHFVPPGSRLRGCLVNELYNY	2.92	False
pdb_00007x7d-C	7x7d	388	False	1.000	AAHFVPPGSRLRGCLVNELYNY	2.92	False
pdb_00007x7d-F	7x7d	388	False	1.000	AAHFVPPGSRLRGCLVNELYNY	2.92	False
pdb_00009kdb-E	9kdb	389	True	1.000	AADRYIGTRWKYVRPEDYSY	2.67	False
pdb_00009kdb-F	9kdb	389	False	1.000	AADRYIGTRWKYVRPEDYSY	2.67	False
pdb_00009kdb-G	9kdb	389	False	1.000	AADRYIGTRWKYVRPEDYSY	2.67	False
pdb_00009kdb-H	9kdb	389	False	1.000	AADRYIGTRWKYVRPEDYSY	2.67	False
pdb_00009sl1-H	9sl1	390	True	1.000	AARNAVRPSWFAVKQTESAYDY	2.68	False
pdb_00006x04-B	6x04	391	True	1.000	KGVMEVGGVIDEY	2.68	False
pdb_00006x04-D	6x04	391	False	1.000	KGVMEVGGVIDEY	2.68	False
pdb_00006x04-F	6x04	391	False	1.000	KGVMEVGGVIDEY	2.68	False
pdb_00006x04-H	6x04	391	False	1.000	KGVMEVGGVIDEY	2.68	False
pdb_00006x04-J	6x04	391	False	1.000	KGVMEVGGVIDEY	2.68	False
pdb_00006x04-L	6x04	391	False	1.000	KGVMEVGGVIDEY	2.68	False
pdb_00006r7t-A	6r7t	392	True	1.000	AAAAWRVGTYDY	2.682	False
pdb_00005omn-C	5omn	393	True	1.000	RDRTLGS	2.682	False
pdb_00009r19-D	9r19	394	True	1.000	ARAKGFSTIYNQDEGRYDY	2.69	False
pdb_00009r19-E	9r19	394	False	1.000	ARAKGFSTIYNQDEGRYDY	2.69	False
pdb_00009r19-F	9r19	394	False	1.000	ARAKGFSTIYNQDEGRYDY	2.69	False
pdb_00009vud-D	9vud	395	True	1.000	AAGYLDYSVSSYPQYEADY	2.69	False
pdb_00009r19-G	9r19	396	True	1.000	NTPSRRISNF	2.69	False
pdb_00009r19-H	9r19	396	False	1.000	NTPSRRISNF	2.69	False
pdb_00009r19-I	9r19	396	False	1.000	NTPSRRISNF	2.69	False
pdb_00009g1y-C	9g1y	397	True	1.000	AADEYLCTGLAYSDYYPGKYEYDY	2.69655353284	False
pdb_00009g1y-D	9g1y	397	False	1.000	AADEYLCTGLAYSDYYPGKYEYDY	2.69655353284	False
pdb_00004lgs-B	4lgs	398	True	1.000	ARSTVFAEITGLAGYQSGSYDY	2.7	False
pdb_00008iq4-N	8iq4	104	False	0.984	ARCPAPFTPFCFDVTSTTYAY	2.7	False
pdb_00009k0x-N	9k0x	104	False	0.984	ARCPAPFTPFCFDVTSTTYAY	2.83	False
pdb_00008q7s-C	8q7s	399	True	1.000	AAGPLPPGHSCRIPTPLGYDD	2.7	False
pdb_00008q7s-I	8q7s	399	False	1.000	AAGPLPPGHSCRIPTPLGYDD	2.7	False
pdb_00008q7s-L	8q7s	399	False	1.000	AAGPLPPGHSCRIPTPLGYDD	2.7	False
pdb_00007sp8-C	7sp8	400	True	1.000	ALRTARDSYYYTRNPTGYDY	2.7	False
pdb_00007spa-C	7spa	400	False	1.000	ALRTARDSYYYTRNPTGYDY	2.8	False
pdb_00007sp9-C	7sp9	400	False	1.000	ALRTARDSYYYTRNPTGYDY	2.9	False
pdb_00008cya-D	8cya	401	True	1.000	AASDGVIDGTNANAYRY	2.7	False
pdb_00008cya-E	8cya	401	False	1.000	AASDGVIDGTNANAYRY	2.7	False
pdb_00008cya-F	8cya	401	False	1.000	AASDGVIDGTNANAYRY	2.7	False
pdb_00009b71-G	9b71	402	True	1.000	AAFRVAVTTYTSQQANEYNY	2.7	False
pdb_00009b71-H	9b71	402	False	1.000	AAFRVAVTTYTSQQANEYNY	2.7	False
pdb_00009b70-G	9b70	402	False	1.000	AAFRVAVTTYTSQQANEYNY	2.88	False
pdb_00009b70-H	9b70	402	False	1.000	AAFRVAVTTYTSQQANEYNY	2.88	False
pdb_00006oyh-E	6oyh	402	False	1.000	AAFRVAVTTYTSQQANEYNY	2.95	False
pdb_00006oyh-F	6oyh	402	False	1.000	AAFRVAVTTYTSQQANEYNY	2.95	False
pdb_00006oyh-G	6oyh	402	False	1.000	AAFRVAVTTYTSQQANEYNY	2.95	False
pdb_00006oyh-H	6oyh	402	False	1.000	AAFRVAVTTYTSQQANEYNY	2.95	False
pdb_00005e7f-A	5e7f	403	True	1.000	AAATTTVASPPVRHVCNGY	2.7	False
pdb_00005e7f-B	5e7f	403	False	1.000	AAATTTVASPPVRHVCNGY	2.7	False
pdb_00005e7f-C	5e7f	403	False	1.000	AAATTTVASPPVRHVCNGY	2.7	False
pdb_00008cyb-D	8cyb	404	True	1.000	AADRGSSYYYTRASEYTY	2.7	False
pdb_00009v0o-A	9v0o	405	True	1.000	AAVGGLENWVVVTSGYDY	2.7	False
pdb_00009v0o-B	9v0o	405	False	1.000	AAVGGLENWVVVTSGYDY	2.7	False
pdb_00009v0o-E	9v0o	405	False	1.000	AAVGGLENWVVVTSGYDY	2.7	False
pdb_00009v0o-G	9v0o	405	False	1.000	AAVGGLENWVVVTSGYDY	2.7	False
pdb_00006hhu-H	6hhu	406	True	1.000	ATEGKYGRTWYGQLEYHY	2.7	False
pdb_00007zmq-C	7zmq	147	False	0.960	EAYGTYTLAPTGEGEYDDY	2.7	False
pdb_00007zmq-K	7zmq	147	False	0.960	EAYGTYTLAPTGEGEYDDY	2.7	False
pdb_00007zms-K	7zms	147	False	0.960	EAYGTYTLAPTGEGEYDDY	2.7	False
pdb_00007qne-G	7qne	360	False	0.976	AAGAGFWGLRTASSYHY	2.7	False
pdb_00009dvq-G	9dvq	407	True	1.000	AKARTGWSLAVPSFGS	2.7	False
pdb_00009dvr-G	9dvr	407	False	1.000	AKARTGWSLAVPSFGS	2.7	False
pdb_00009dvr-H	9dvr	407	False	1.000	AKARTGWSLAVPSFGS	2.7	False
pdb_00009qjx-F	9qjx	408	True	1.000	AAVGYSSSCNPLWYDY	2.7	False
pdb_00009qjx-G	9qjx	408	False	1.000	AAVGYSSSCNPLWYDY	2.7	False
pdb_00007upm-B	7upm	409	True	1.000	AVISAGGGESIGYHFY	2.7	False
pdb_00006tej-C	6tej	410	True	1.000	NVKDTGQMRESYDY	2.7	False
pdb_00006ibl-C	6ibl	411	True	1.000	NVKDYGAVLYEYDY	2.7	False
pdb_00006ibl-D	6ibl	411	False	1.000	NVKDYGAVLYEYDY	2.7	False
pdb_00006h7j-C	6h7j	411	False	1.000	NVKDYGAVLYEYDY	2.8	False
pdb_00006h7j-D	6h7j	411	False	1.000	NVKDYGAVLYEYDY	2.8	False
pdb_00006hhu-G	6hhu	412	True	1.000	NADLGTGGRSYDY	2.7	False
pdb_00004w2q-A	4w2q	413	True	1.000	HEDPYGMESLRY	2.7	False
pdb_00004w2q-C	4w2q	413	False	1.000	HEDPYGMESLRY	2.7	False
pdb_00004w2q-E	4w2q	413	False	1.000	HEDPYGMESLRY	2.7	False
pdb_00004w2q-G	4w2q	413	False	1.000	HEDPYGMESLRY	2.7	False
pdb_00008pnl-B	8pnl	414	True	1.000	ARIINSASNIAY	2.7	False
pdb_00008pnl-D	8pnl	414	False	1.000	ARIINSASNIAY	2.7	False
pdb_00009q9s-d	9q9s	415	True	1.000	NARWRGMNV	2.7	False
pdb_00009q9s-e	9q9s	415	False	1.000	NARWRGMNV	2.7	False
pdb_00009q9s-f	9q9s	415	False	1.000	NARWRGMNV	2.7	False
pdb_00009q9n-d	9q9n	415	False	1.000	NARWRGMNV	3.0	False
pdb_00009q9n-e	9q9n	415	False	1.000	NARWRGMNV	3.0	False
pdb_00009q9n-f	9q9n	415	False	1.000	NARWRGMNV	3.0	False
pdb_00009vh5-C	9vh5	416	True	1.000	AARKWTGNVWAF	2.7	False
pdb_00009vh5-F	9vh5	416	False	1.000	AARKWTGNVWAF	2.7	False
pdb_00009vh5-I	9vh5	416	False	1.000	AARKWTGNVWAF	2.7	False
pdb_00007ocj-B	7ocj	417	True	1.000	KQTQLGYDY	2.7	False
pdb_00007ocj-E	7ocj	417	False	1.000	KQTQLGYDY	2.7	False
pdb_00007ocj-G	7ocj	417	False	1.000	KQTQLGYDY	2.7	False
pdb_00007ocj-H	7ocj	417	False	1.000	KQTQLGYDY	2.7	False
pdb_00008q7s-B	8q7s	418	True	1.000	NPDPGCRG	2.7	False
pdb_00008q7s-E	8q7s	418	False	1.000	NPDPGCRG	2.7	False
pdb_00008q7s-H	8q7s	418	False	1.000	NPDPGCRG	2.7	False
pdb_00008q7s-K	8q7s	418	False	1.000	NPDPGCRG	2.7	False
pdb_00008q7s-N	8q7s	418	False	1.000	NPDPGCRG	2.7	False
pdb_00008gq5-a	8gq5	419	True	1.000	NANVET	2.7	False
pdb_00008gq5-b	8gq5	419	False	1.000	NANVET	2.7	False
pdb_00008gq5-c	8gq5	419	False	1.000	NANVET	2.7	False
pdb_00008gq5-d	8gq5	419	False	1.000	NANVET	2.7	False
pdb_00008gq5-e	8gq5	419	False	1.000	NANVET	2.7	False
pdb_00008gq5-f	8gq5	419	False	1.000	NANVET	2.7	False
pdb_00008gq5-g	8gq5	419	False	1.000	NANVET	2.7	False
pdb_00008gq5-h	8gq5	419	False	1.000	NANVET	2.7	False
pdb_00008gq5-i	8gq5	419	False	1.000	NANVET	2.7	False
pdb_00008gq5-j	8gq5	419	False	1.000	NANVET	2.7	False
pdb_00008gq5-k	8gq5	419	False	1.000	NANVET	2.7	False
pdb_00008gq5-l	8gq5	419	False	1.000	NANVET	2.7	False
pdb_00008gq5-m	8gq5	419	False	1.000	NANVET	2.7	False
pdb_00008gq5-n	8gq5	419	False	1.000	NANVET	2.7	False
pdb_00008gq5-o	8gq5	419	False	1.000	NANVET	2.7	False
pdb_00008gq5-p	8gq5	419	False	1.000	NANVET	2.7	False
pdb_00006z2m-D	6z2m	24	False	0.976	ARTENVRSLLSDYATWPYDY	2.71	False
pdb_00006z2m-F	6z2m	24	False	0.976	ARTENVRSLLSDYATWPYDY	2.71	False
pdb_00008zrd-C	8zrd	420	True	1.000	ARPRKDVGGSYLYTHFPGLTEYDY	2.715	False
pdb_00008zrd-D	8zrd	420	False	1.000	ARPRKDVGGSYLYTHFPGLTEYDY	2.715	False
pdb_00008elo-B	8elo	421	True	1.000	ARGSFYYTYGGSVGFDAFDY	2.72	False
pdb_00009j3l-C	9j3l	422	True	1.000	NVKDYVYNTYLYDY	2.72	False
pdb_00009j3m-B	9j3m	422	False	1.000	NVKDYVYNTYLYDY	2.77	False
pdb_00009j3n-B	9j3n	423	True	1.000	AARKRYHYYSY	2.72	False
pdb_00009j3o-B	9j3o	423	False	1.000	AARKRYHYYSY	2.9	False
pdb_00005sv3-A	5sv3	424	True	1.000	AVIANPVYATSRNSDDYGH	2.73	False
pdb_00005sv3-C	5sv3	424	False	1.000	AVIANPVYATSRNSDDYGH	2.73	False
pdb_00007kn7-B	7kn7	99	False	0.952	AAQSGSYYWCGSDWHEYDY	2.73	False
pdb_00007a17-B	7a17	242	False	1.000	AQSRAIEADDSRGYDY	2.73	False
pdb_00009mnz-C	9mnz	425	True	1.000	AVKSGLIYAHRY	2.73	False
pdb_00009mny-C	9mny	425	False	1.000	AVKSGLIYAHRY	2.78	False
pdb_00009mo0-C	9mo0	425	False	1.000	AVKSGLIYAHRY	2.83	False
pdb_00005f7l-B	5f7l	426	True	1.000	AAYSDRLTDCSNCEADY	2.74	False
pdb_00005f7l-D	5f7l	426	False	1.000	AAYSDRLTDCSNCEADY	2.74	False
pdb_00009ert-B	9ert	427	True	1.000	AVDGWDSSCTFYSPSYYRDFSDHGA	2.75	False
pdb_00005usf-C	5usf	428	True	1.000	ARGLNRYAYDS	2.75	False
pdb_00005usf-D	5usf	428	False	1.000	ARGLNRYAYDS	2.75	False
pdb_00006v7z-F	6v7z	429	True	1.000	AAHVAGFDEYNY	2.75	False
pdb_00007xqv-B	7xqv	430	True	1.000	AWIAWGPWMRTSWY	2.76	False
pdb_00009w3l-B	9w3l	281	False	0.975	NAEYRTGIWEELLDG	2.76	False
pdb_00007r74-B	7r74	431	True	1.000	AARRLPIGDYTD	2.76	False
pdb_00007r74-D	7r74	431	False	1.000	AARRLPIGDYTD	2.76	False
pdb_00008ysf-C	8ysf	432	True	1.000	YVQIDLNYY	2.76	False
pdb_00008ysf-D	8ysf	432	False	1.000	YVQIDLNYY	2.76	False
pdb_00005o2u-B	5o2u	433	True	1.000	FAALDTAY	2.76	False
pdb_00005o2u-D	5o2u	433	False	1.000	FAALDTAY	2.76	False
pdb_00007kd0-C	7kd0	434	True	1.000	KRPAGRIEDEL	2.768	False
pdb_00009lm5-D	9lm5	435	True	1.000	AAGNAAWGLVDYYTEADFAY	2.77	False
pdb_00009lm5-E	9lm5	435	False	1.000	AAGNAAWGLVDYYTEADFAY	2.77	False
pdb_00009lm5-F	9lm5	435	False	1.000	AAGNAAWGLVDYYTEADFAY	2.77	False
pdb_00007c8w-A	7c8w	436	True	1.000	NVKDDGQLAYHYDY	2.77	False
pdb_00007cz0-E	7cz0	437	True	1.000	TVYVGNRY	2.77	False
pdb_00007cz0-F	7cz0	437	False	1.000	TVYVGNRY	2.77	False
pdb_00007cz0-G	7cz0	437	False	1.000	TVYVGNRY	2.77	False
pdb_00007cz0-H	7cz0	437	False	1.000	TVYVGNRY	2.77	False
pdb_00007m1h-B	7m1h	438	True	1.000	ARAFLACGPVAGWGTEYDY	2.78	False
pdb_00006hjy-G	6hjy	315	False	1.000	GARIGGSDRLAPENYGY	2.78	False
pdb_00006hjy-H	6hjy	315	False	1.000	GARIGGSDRLAPENYGY	2.78	False
pdb_00006hjy-I	6hjy	315	False	1.000	GARIGGSDRLAPENYGY	2.78	False
pdb_00007m1h-E	7m1h	439	True	1.000	YANLQKSSDELGPYY	2.78	False
pdb_00007m1h-G	7m1h	440	True	1.000	NADIATMTAVGGFDY	2.78	False
pdb_00007zml-E	7zml	313	False	0.984	EAYGTYTLAPTGEGEYDDY	2.79	False
pdb_00007zml-F	7zml	313	False	0.984	EAYGTYTLAPTGEGEYDDY	2.79	False
pdb_00007zml-G	7zml	313	False	0.984	EAYGTYTLAPTGEGEYDDY	2.79	False
pdb_00007zml-K	7zml	313	False	0.984	EAYGTYTLAPTGEGEYDDY	2.79	False
pdb_00009shw-Ba	9shw	441	True	1.000	QANINTSGGWFREY	2.79	False
pdb_00009shw-Bb	9shw	441	False	1.000	QANINTSGGWFREY	2.79	False
pdb_00009shw-Bc	9shw	441	False	1.000	QANINTSGGWFREY	2.79	False
pdb_00005dmj-B	5dmj	442	True	1.000	AKLPFTFDD	2.79	False
pdb_00005dmj-E	5dmj	442	False	1.000	AKLPFTFDD	2.79	False
pdb_00005dmj-G	5dmj	442	False	1.000	AKLPFTFDD	2.79	False
pdb_00004cdg-C	4cdg	443	True	1.000	NLVADYDMGFQSF	2.794	False
pdb_00004cdg-D	4cdg	443	False	1.000	NLVADYDMGFQSF	2.794	False
pdb_00005foj-A	5foj	444	True	1.000	AAADAIGLAEYWSTPTLSAARYKY	2.8	False
pdb_00008rtf-G	8rtf	445	True	1.000	AGRDSWYFSKVPDEYRY	2.8	False
pdb_00008rtf-H	8rtf	445	False	1.000	AGRDSWYFSKVPDEYRY	2.8	False
pdb_00008rtf-I	8rtf	445	False	1.000	AGRDSWYFSKVPDEYRY	2.8	False
pdb_00008rtf-J	8rtf	445	False	1.000	AGRDSWYFSKVPDEYRY	2.8	False
pdb_00008rtf-K	8rtf	445	False	1.000	AGRDSWYFSKVPDEYRY	2.8	False
pdb_00008rtf-L	8rtf	445	False	1.000	AGRDSWYFSKVPDEYRY	2.8	False
pdb_00004fhb-D	4fhb	446	True	1.000	AAPGRPHGSSWSLNKKGQGYDY	2.8	False
pdb_00009yc3-A	9yc3	447	True	1.000	AALSQKQMTTVQAMCAVPIANY	2.8	False
pdb_00009q6n-B	9q6n	448	True	1.000	AATSYLNPDSDYARSDRSYGY	2.8	False
pdb_00009yq5-C	9yq5	400	False	0.953	ALRTARDSYYYTRNPTGYDY	2.8	False
pdb_00009tns-F	9tns	449	True	1.000	AARMGSGYSYYTGAQYDY	2.8	False
pdb_00005nbl-E	5nbl	450	True	1.000	AARNPRATAEDVSAYDY	2.8	False
pdb_00005nbl-F	5nbl	450	False	1.000	AARNPRATAEDVSAYDY	2.8	False
pdb_00006h02-B	6h02	451	True	1.000	AACAYGTCYYGDRAYEY	2.8	False
pdb_00006rah-C	6rah	452	True	1.000	ATVTAVLLPGRCVPGKY	2.8	False
pdb_00006rai-C	6rai	452	False	1.000	ATVTAVLLPGRCVPGKY	2.9	False
pdb_00009yq5-B	9yq5	453	True	1.000	AARRYGGTDYTTTGSYDY	2.8	False
pdb_00007sp9-B	7sp9	453	False	1.000	AARRYGGTDYTTTGSYDY	2.9	False
pdb_00009yq2-B	9yq2	453	False	1.000	AARRYGGTDYTTTGSYDY	2.9	False
pdb_00007qiv-C	7qiv	379	False	0.992	AAGTGWSPQTDNEYNY	2.8	False
pdb_00009ffv-F	9ffv	360	False	0.984	AAGAGFWGLRTASSYHY	2.8	False
pdb_00009fg2-F	9fg2	360	False	0.984	AAGAGFWGLRTASSYHY	3.0	False
pdb_00009q6n-C	9q6n	454	True	1.000	AATSGGYYSRYAYDYYY	2.8	False
pdb_00006o3c-B	6o3c	455	True	1.000	AAQDLLYYSFPGDHAY	2.8	False
pdb_00007zra-E	7zra	456	True	1.000	KARIEPDSSWGTEYEY	2.8	False
pdb_00007zra-F	7zra	456	False	1.000	KARIEPDSSWGTEYEY	2.8	False
pdb_00007zra-G	7zra	456	False	1.000	KARIEPDSSWGTEYEY	2.8	False
pdb_00007zra-H	7zra	456	False	1.000	KARIEPDSSWGTEYEY	2.8	False
pdb_00009q6n-D	9q6n	457	True	1.000	VAGVSDYGCYRTSGIKY	2.8	False
pdb_00009pum-H	9pum	458	True	1.000	NAVASPSWGLYDDY	2.8	False
pdb_00009pum-I	9pum	458	False	1.000	NAVASPSWGLYDDY	2.8	False
pdb_00009vh4-C	9vh4	459	True	1.000	NFPRGLEFLDDF	2.8	False
pdb_00009vh4-F	9vh4	459	False	1.000	NFPRGLEFLDDF	2.8	False
pdb_00009vh4-I	9vh4	459	False	1.000	NFPRGLEFLDDF	2.8	False
pdb_00008g77-F	8g77	460	True	1.000	HLQVPFLGGGYDY	2.8	False
pdb_00008g77-G	8g77	460	False	1.000	HLQVPFLGGGYDY	2.8	False
pdb_00008g77-K	8g77	460	False	1.000	HLQVPFLGGGYDY	2.8	False
pdb_00005vxl-B	5vxl	461	True	1.000	NANLRTNNY	2.8	False
pdb_00009q6n-E	9q6n	462	True	1.000	AARRGEDPEYDY	2.8	False
pdb_00007ph3-C	7ph3	188	False	0.991	NAEGPAGY	2.8	False
pdb_00007ph3-D	7ph3	188	False	0.991	NAEGPAGY	2.8	False
pdb_00007ul4-D	7ul4	281	False	1.000	NAEYRTGIWEELLDG	2.8	False
pdb_00007kdu-C	7kdu	463	True	1.000	KATGERGYGDQGYLEV	2.809	False
pdb_00009emy-C	9emy	464	True	1.000	AADRSYGSSWYHYPEDALDA	2.814	False
pdb_00009emy-D	9emy	464	False	1.000	AADRSYGSSWYHYPEDALDA	2.814	False
pdb_00009emy-I	9emy	464	False	1.000	AADRSYGSSWYHYPEDALDA	2.814	False
pdb_00009emy-J	9emy	464	False	1.000	AADRSYGSSWYHYPEDALDA	2.814	False
pdb_00009emy-E	9emy	465	True	1.000	AAGPRTTPQAMGAVEYDY	2.814	False
pdb_00009emy-F	9emy	465	False	1.000	AAGPRTTPQAMGAVEYDY	2.814	False
pdb_00009emy-K	9emy	465	False	1.000	AAGPRTTPQAMGAVEYDY	2.814	False
pdb_00009emy-L	9emy	465	False	1.000	AAGPRTTPQAMGAVEYDY	2.814	False
pdb_00004p2c-G	4p2c	466	True	1.000	NANIEAGTYYGPGRDY	2.818	False
pdb_00004p2c-H	4p2c	466	False	1.000	NANIEAGTYYGPGRDY	2.818	False
pdb_00004p2c-I	4p2c	466	False	1.000	NANIEAGTYYGPGRDY	2.818	False
pdb_00004p2c-J	4p2c	466	False	1.000	NANIEAGTYYGPGRDY	2.818	False
pdb_00004p2c-K	4p2c	466	False	1.000	NANIEAGTYYGPGRDY	2.818	False
pdb_00007rby-B	7rby	467	True	1.000	AAVPSTYYSGTYYYTCHPGGMDY	2.82	False
pdb_00007rby-D	7rby	467	False	1.000	AAVPSTYYSGTYYYTCHPGGMDY	2.82	False
pdb_00004krp-B	4krp	468	True	1.000	AAGYQINSGNYNFKDYEYDY	2.823	False
pdb_00008elp-B	8elp	469	True	1.000	ARVVSYYDQTGFVYWQSYDY	2.83	False
pdb_00009cmi-K	9cmi	21	False	0.992	AIDSDTFYSGSYDY	2.83	False
pdb_00008u4v-K	8u4v	21	False	0.992	AIDSDTFYSGSYDY	2.99	False
pdb_00009j3j-B	9j3j	470	True	1.000	NVKDLGAWYNDYDY	2.83	False
pdb_00009mfg-E	9mfg	471	True	1.000	AAKRPDAGWQTYDY	2.85	False
pdb_00009mfg-G	9mfg	471	False	1.000	AAKRPDAGWQTYDY	2.85	False
pdb_00009mfg-H	9mfg	471	False	1.000	AAKRPDAGWQTYDY	2.85	False
pdb_00007kkl-B	7kkl	472	True	1.000	AADPASPAYGDY	2.85	False
pdb_00007kkl-E	7kkl	472	False	1.000	AADPASPAYGDY	2.85	False
pdb_00007kkl-F	7kkl	472	False	1.000	AADPASPAYGDY	2.85	False
pdb_00007lzp-B	7lzp	473	True	1.000	AADFSIAYSGTYPPAYAEYDYDY	2.86	False
pdb_00007lzp-E	7lzp	473	False	1.000	AADFSIAYSGTYPPAYAEYDYDY	2.86	False
pdb_00007lzp-C	7lzp	474	True	1.000	KLEHDLGYYDY	2.86	False
pdb_00007lzp-F	7lzp	474	False	1.000	KLEHDLGYYDY	2.86	False
pdb_00007rnn-C	7rnn	475	True	1.000	NARYRSSYP	2.86	False
pdb_00007lzp-G	7lzp	476	True	1.000	NSGPY	2.86	False
pdb_00007lzp-H	7lzp	476	False	1.000	NSGPY	2.86	False
pdb_00009g5k-B	9g5k	477	True	1.000	AAAEDRWALAVRTATTYNY	2.87	False
pdb_00008s5z-B	8s5z	477	False	1.000	AAAEDRWALAVRTATTYNY	3.0	False
pdb_00009shv-Ba	9shv	478	True	1.000	NADPIWTIATMKRMGY	2.87	False
pdb_00009shv-Bb	9shv	478	False	1.000	NADPIWTIATMKRMGY	2.87	False
pdb_00009shv-Bc	9shv	478	False	1.000	NADPIWTIATMKRMGY	2.87	False
pdb_00008g0w-C	8g0w	479	True	1.000	NLKRRDLQSRFGGY	2.87	False
pdb_00008g0w-D	8g0w	479	False	1.000	NLKRRDLQSRFGGY	2.87	False
pdb_00008g0w-G	8g0w	479	False	1.000	NLKRRDLQSRFGGY	2.87	False
pdb_00008g0w-H	8g0w	479	False	1.000	NLKRRDLQSRFGGY	2.87	False
pdb_00008y9s-B	8y9s	480	True	1.000	AAGSTLTMVVANYRY	2.88	False
pdb_00008y9s-D	8y9s	480	False	1.000	AAGSTLTMVVANYRY	2.88	False
pdb_00009ucp-C	9ucp	481	True	1.000	AVRRVYVYVQRYYHYY	2.88	False
pdb_00007zyi-K	7zyi	21	False	0.992	AIDSDTFYSGSYDY	2.88	False
pdb_00004xt1-C	4xt1	482	True	1.000	NAEETIVEEADY	2.886	False
pdb_00007nll-A	7nll	483	True	1.000	AVGPSFSYTGSTYYRSELPWDYDY	2.89	False
pdb_00007nll-C	7nll	483	False	1.000	AVGPSFSYTGSTYYRSELPWDYDY	2.89	False
pdb_00009w89-B	9w89	484	True	1.000	AEVFCDSFHQGKYEAFY	2.89	False
pdb_00009w7j-D	9w7j	484	False	1.000	AEVFCDSFHQGKYEAFY	2.97	False
pdb_00009ub6-B	9ub6	485	True	1.000	NVRWTDY	2.89	False
pdb_00009g4g-B	9g4g	486	True	1.000	AADPFPGVCTYASSRIYEHDY	2.89572919242	False
pdb_00008cyc-D	8cyc	487	True	1.000	AVGGNHYSRSKYYNLDEYDD	2.9	False
pdb_00008cyc-E	8cyc	487	False	1.000	AVGGNHYSRSKYYNLDEYDD	2.9	False
pdb_00008cyc-F	8cyc	487	False	1.000	AVGGNHYSRSKYYNLDEYDD	2.9	False
pdb_00009biu-B	9biu	488	True	1.000	AAARRRWTFKATNTEEFYET	2.9	False
pdb_00009yq2-C	9yq2	400	False	0.961	ALRTARDSYYYTRNPTGYDY	2.9	False
pdb_00008cxn-D	8cxn	489	True	1.000	AVRRDSSWGYSRQSTEYDY	2.9	False
pdb_00008cxn-E	8cxn	489	False	1.000	AVRRDSSWGYSRQSTEYDY	2.9	False
pdb_00008cxn-F	8cxn	489	False	1.000	AVRRDSSWGYSRQSTEYDY	2.9	False
pdb_00008tzu-D	8tzu	490	True	1.000	AALWDGGSWYPEGLSDFGS	2.9	False
pdb_00008tzu-E	8tzu	490	False	1.000	AALWDGGSWYPEGLSDFGS	2.9	False
pdb_00005mp2-C	5mp2	491	True	1.000	AGSVRTTIQPFKGNYYNY	2.9	False
pdb_00005mp2-D	5mp2	491	False	1.000	AGSVRTTIQPFKGNYYNY	2.9	False
pdb_00008hbi-E	8hbi	492	True	1.000	AAKYQSTFYSTMDVQYDY	2.9	False
pdb_00008hbj-F	8hbj	492	False	1.000	AAKYQSTFYSTMDVQYDY	2.9	False
pdb_00008tw3-A	8tw3	493	True	1.000	ATLRANYCSGPPTLGPY	2.9	False
pdb_00008tw3-Y	8tw3	493	False	1.000	ATLRANYCSGPPTLGPY	2.9	False
pdb_00008oq3-C	8oq3	379	False	0.984	AAGTGWSPQTDCEYNY	2.9	False
pdb_00008oq3-F	8oq3	379	False	0.984	AAGTGWSPQTDCEYNY	2.9	False
pdb_00008tao-C	8tao	494	True	1.000	AAAMYGSRWPDWEYDY	2.9	False
pdb_00008tao-D	8tao	494	False	1.000	AAAMYGSRWPDWEYDY	2.9	False
pdb_00008t8m-C	8t8m	494	False	1.000	AAAMYGSRWPDWEYDY	3.0	False
pdb_00008t8m-D	8t8m	494	False	1.000	AAAMYGSRWPDWEYDY	3.0	False
pdb_00008tw3-B	8tw3	495	True	1.000	AADVGGSYSSMYYARNYDA	2.9	False
pdb_00008tw3-Z	8tw3	495	False	1.000	AADVGGSYSSMYYARNYDA	2.9	False
pdb_00007my3-D	7my3	496	True	1.000	KTAFPYFGNSCVLDY	2.9	False
pdb_00007my3-E	7my3	496	False	1.000	KTAFPYFGNSCVLDY	2.9	False
pdb_00007my3-H	7my3	496	False	1.000	KTAFPYFGNSCVLDY	2.9	False
pdb_00008cy7-D	8cy7	497	True	1.000	VQGGWGIRQPIIVDY	2.9	False
pdb_00008cy7-E	8cy7	497	False	1.000	VQGGWGIRQPIIVDY	2.9	False
pdb_00008cy7-F	8cy7	497	False	1.000	VQGGWGIRQPIIVDY	2.9	False
pdb_00008cy9-D	8cy9	498	True	1.000	AVGSLRVGSFSVEY	2.9	False
pdb_00008cy9-E	8cy9	498	False	1.000	AVGSLRVGSFSVEY	2.9	False
pdb_00008cy9-F	8cy9	498	False	1.000	AVGSLRVGSFSVEY	2.9	False
pdb_00008tzu-H	8tzu	499	True	1.000	AASYLSLNFPDDL	2.9	False
pdb_00006h16-B	6h16	500	True	1.000	AAITYTRGIYKY	2.9	False
pdb_00008hbj-E	8hbj	501	True	1.000	NTVRRVATLSGSSSGS	2.9	False
pdb_00008qw4-B	8qw4	502	True	1.000	NAEVEWLDMDY	2.9	False
pdb_00009h76-B	9h76	503	True	1.000	NAQLVAWSENY	2.9	False
pdb_00005c3l-D	5c3l	504	True	1.000	ANQYG	2.9	False
pdb_00008xum-C	8xum	374	False	1.000	ASRTRAGVTCGLNWAIFSY	2.9	False
pdb_00007b27-CCC	7b27	505	True	1.000	HAPGVRVGTGERKDV	2.902	False
pdb_00007b27-DDD	7b27	505	False	1.000	HAPGVRVGTGERKDV	2.902	False
pdb_00009ei0-E	9ei0	506	True	1.000	SSWRTGFYEY	2.91	False
pdb_00009ei0-F	9ei0	506	False	1.000	SSWRTGFYEY	2.91	False
pdb_00009ei0-G	9ei0	506	False	1.000	SSWRTGFYEY	2.91	False
pdb_00009ei0-H	9ei0	506	False	1.000	SSWRTGFYEY	2.91	False
pdb_00009qjr-F	9qjr	507	True	1.000	GADSSWGWCGSGWYVSVPREYEY	2.92	False
pdb_00006f2g-B	6f2g	508	True	1.000	AAKNGGAASNYPNDYVY	2.92	False
pdb_00009p6x-D	9p6x	509	True	1.000	NARLLVAPPPYEYDY	2.92	False
pdb_00009p6x-E	9p6x	509	False	1.000	NARLLVAPPPYEYDY	2.92	False
pdb_00009p6x-F	9p6x	509	False	1.000	NARLLVAPPPYEYDY	2.92	False
pdb_00007ym8-D	7ym8	510	True	1.000	AAYSYYRDHSY	2.92	False
pdb_00009fm1-D	9fm1	511	True	1.000	AANQWYSGGYYGEKNYDY	2.93	False
pdb_00009fm1-E	9fm1	511	False	1.000	AANQWYSGGYYGEKNYDY	2.93	False
pdb_00009fm1-F	9fm1	511	False	1.000	AANQWYSGGYYGEKNYDY	2.93	False
pdb_00007whi-G	7whi	512	True	1.000	ATRSPFGDYAFSY	2.93	False
pdb_00006zxn-D	6zxn	513	True	1.000	AIGLNLSSSSV	2.93	False
pdb_00006zxn-E	6zxn	513	False	1.000	AIGLNLSSSSV	2.93	False
pdb_00006zxn-F	6zxn	513	False	1.000	AIGLNLSSSSV	2.93	False
pdb_00007whi-D	7whi	514	True	1.000	VSNWASGSTGDY	2.93	False
pdb_00007whi-E	7whi	514	False	1.000	VSNWASGSTGDY	2.93	False
pdb_00007whi-F	7whi	514	False	1.000	VSNWASGSTGDY	2.93	False
pdb_00004yga-D	4yga	515	True	1.000	AATREFCSAYVFLYEH	2.94	False
pdb_00004yga-H	4yga	515	False	1.000	AATREFCSAYVFLYEH	2.94	False
pdb_00007can-A	7can	436	False	0.992	NVYDDGQLAYHYDY	2.94	False
pdb_00008tb7-N	8tb7	21	False	0.992	AIDSDTFYSGSYDY	2.94	False
pdb_00008ukv-C	8ukv	516	True	1.000	HLKNIRDYRNYSNY	2.94	False
pdb_00008ukv-D	8ukv	516	False	1.000	HLKNIRDYRNYSNY	2.94	False
pdb_00007a29-D	7a29	517	True	1.000	AVQVGYWY	2.94	False
pdb_00007a29-E	7a29	517	False	1.000	AVQVGYWY	2.94	False
pdb_00007a29-F	7a29	517	False	1.000	AVQVGYWY	2.94	False
pdb_00008xqj-A	8xqj	305	False	1.000	AAVPRAGIESGAYCKWNMKDSGS	2.95	False
pdb_00008xqj-B	8xqj	305	False	1.000	AAVPRAGIESGAYCKWNMKDSGS	2.95	False
pdb_00009w8a-B	9w8a	518	True	1.000	AAGFSARSGYGGYWYDPAAYNY	2.95	False
pdb_00009lqi-A	9lqi	519	True	1.000	HAEISQLGYAFRDY	2.95	False
pdb_00009lqi-B	9lqi	519	False	1.000	HAEISQLGYAFRDY	2.95	False
pdb_00006mxt-N	6mxt	520	True	1.000	NANWDLLSDY	2.95934213525	False
pdb_00009vt4-G	9vt4	521	True	1.000	VADRGWYGGSWSDYRSYRY	2.96	False
pdb_00009vt4-H	9vt4	521	False	1.000	VADRGWYGGSWSDYRSYRY	2.96	False
pdb_00009vt4-I	9vt4	521	False	1.000	VADRGWYGGSWSDYRSYRY	2.96	False
pdb_00008dp0-B	8dp0	522	True	1.000	NEAGDPFLGSTWNGPPAFGS	2.96	False
pdb_00006oq6-D	6oq6	523	True	1.000	ARRRFSASSVNRWLADDYDV	2.97	False
pdb_00009j9z-K	9j9z	21	False	1.000	AIDSDTFYSGSYDY	2.97	False
pdb_00008ya0-V	8ya0	524	True	1.000	YYQRTVMSQPY	2.97	False
pdb_00008ya0-C	8ya0	197	False	0.991	NVNVGFEY	2.97	False
pdb_00007qha-C	7qha	525	True	1.000	AAYPLYDDPYYY	2.97	False
pdb_00009npt-G	9npt	526	True	1.000	AASTEWASESLQYGNWGHESSKYAN	2.98	False
pdb_00009npt-H	9npt	526	False	1.000	AASTEWASESLQYGNWGHESSKYAN	2.98	False
pdb_00009npt-I	9npt	526	False	1.000	AASTEWASESLQYGNWGHESSKYAN	2.98	False
pdb_00007yud-N	7yud	527	True	1.000	AAGREMCAPMMLGDYYDMDY	2.98	False
pdb_00007p77-A	7p77	528	True	1.000	FVYVGRSY	2.98	False
pdb_00007p77-D	7p77	528	False	1.000	FVYVGRSY	2.98	False
pdb_00007p77-H	7p77	528	False	1.000	FVYVGRSY	2.98	False
pdb_00009pym-B	9pym	529	True	1.000	AVWARYPSTYYLGRGYDYLY	2.98	False
pdb_00009co8-D	9co8	530	True	1.000	AADPGAVCHSGSYYYTDDDFYY	2.99	False
pdb_00009co8-E	9co8	530	False	1.000	AADPGAVCHSGSYYYTDDDFYY	2.99	False
pdb_00009co8-F	9co8	530	False	1.000	AADPGAVCHSGSYYYTDDDFYY	2.99	False
pdb_00008en0-D	8en0	531	True	1.000	VAYRTGGPPQ	2.99	False
pdb_00001zmy-A	1zmy	532	True	1.000	AADSTIYASYYECGHGLSTGGYGYDS	3.0	False
pdb_00006rqm-B	6rqm	533	True	1.000	AADVIPTETCLGGSWSGPFGY	3.0	False
pdb_00004n1h-B	4n1h	534	True	1.000	AATTYASLSDTYIGEHIYDD	3.0	False
pdb_00004n1h-D	4n1h	534	False	1.000	AATTYASLSDTYIGEHIYDD	3.0	False
pdb_00008j5j-E	8j5j	535	True	1.000	AAEPDYSGVYYYTCGWTDFGS	3.0	False
pdb_00009hvk-H	9hvk	384	False	0.992	AVAACHFCDSLPKTQDEYIL	3.0	False
pdb_00009hvk-Q	9hvk	384	False	0.992	AVAACHFCDSLPKTQDEYIL	3.0	False
pdb_00009det-q	9det	536	True	1.000	VATAMTTGATMTVDNVDY	3.0	False
pdb_00006c9w-B	6c9w	537	True	1.000	ARQGTNGGGYSEATSYNY	3.0	False
pdb_00007qbe-E	7qbe	538	True	1.000	AASSQIFYGATTSIKDFNS	3.0	False
pdb_00007qbe-F	7qbe	538	False	1.000	AASSQIFYGATTSIKDFNS	3.0	False
pdb_00009gcn-A	9gcn	539	True	1.000	NAVVGNWYTSGYYEDTY	3.0	False
pdb_00009gcn-B	9gcn	539	False	1.000	NAVVGNWYTSGYYEDTY	3.0	False
pdb_00009gcn-C	9gcn	539	False	1.000	NAVVGNWYTSGYYEDTY	3.0	False
pdb_00009gcn-D	9gcn	539	False	1.000	NAVVGNWYTSGYYEDTY	3.0	False
pdb_00009s35-B	9s35	540	True	1.000	NAHRRVVMEWGPLGYDY	3.0	False
pdb_00005hvh-B	5hvh	541	True	1.000	HVDPRPWGYDVTDYDY	3.0	False
pdb_00008sne-C	8sne	542	True	1.000	NGEVKVGTRLSPFRTY	3.0	False
pdb_00007ul3-C	7ul3	543	True	1.000	NAEYRTGIWEELLDG	3.0	False
pdb_00008jxs-B	8jxs	320	False	0.975	NVKDFGAIVADRDY	3.0	False
pdb_00009bia-E	9bia	544	True	1.000	EVYIFGQYFE	3.0	False
pdb_00009bia-F	9bia	544	False	1.000	EVYIFGQYFE	3.0	False
pdb_00008w1v-D	8w1v	545	True	1.000	NAKVAGTFSIYDY	3.0	False
pdb_00008w1v-F	8w1v	545	False	1.000	NAKVAGTFSIYDY	3.0	False
pdb_00008th3-B	8th3	546	True	1.000	AAYRIVSDPRVY	3.0	False
pdb_00006fe4-F	6fe4	547	True	1.000	AIGEGGNRNY	3.0	False
pdb_00006fe4-G	6fe4	547	False	1.000	AIGEGGNRNY	3.0	False
pdb_00006fe4-H	6fe4	547	False	1.000	AIGEGGNRNY	3.0	False
pdb_00006fe4-I	6fe4	547	False	1.000	AIGEGGNRNY	3.0	False
pdb_00006fe4-J	6fe4	547	False	1.000	AIGEGGNRNY	3.0	False
pdb_00009eb9-E	9eb9	548	True	1.000	YVMVGQWY	3.0	False
pdb_00009eb9-F	9eb9	548	False	1.000	YVMVGQWY	3.0	False
pdb_00009eb9-G	9eb9	548	False	1.000	YVMVGQWY	3.0	False
pdb_00009eb9-H	9eb9	548	False	1.000	YVMVGQWY	3.0	False
pdb_00007l1v-S	7l1v	549	True	1.000	EVYVGYFY	3.0	False
pdb_000030us-C	30us	550	True	1.000	AADPRPLSYSSSYYYRSGSYDY	3.0	False
pdb_000030us-D	30us	550	False	1.000	AADPRPLSYSSSYYYRSGSYDY	3.0	False
pdb_000030wc-C	30wc	550	False	1.000	AADPRPLSYSSSYYYRSGSYDY	3.0	False
pdb_000030wc-D	30wc	550	False	1.000	AADPRPLSYSSSYYYRSGSYDY	3.0	False
