pdb_id,method,resolution,deposit_date,error
10zo,X-RAY DIFFRACTION,1.65,2026-02-12T00:00:00.000+00:00,
11ol,ELECTRON MICROSCOPY,3.2,2026-03-06T00:00:00.000+00:00,
11oo,ELECTRON MICROSCOPY,3.4,2026-03-06T00:00:00.000+00:00,
11oq,ELECTRON MICROSCOPY,3.2,2026-03-06T00:00:00.000+00:00,
11or,ELECTRON MICROSCOPY,3.2,2026-03-06T00:00:00.000+00:00,
11ou,ELECTRON MICROSCOPY,3.2,2026-03-06T00:00:00.000+00:00,
11zw,ELECTRON MICROSCOPY,2.8,2026-03-21T00:00:00.000+00:00,
12oy,ELECTRON MICROSCOPY,3.6,2026-04-14T00:00:00.000+00:00,
12oz,ELECTRON MICROSCOPY,3.3,2026-04-14T00:00:00.000+00:00,
12pb,ELECTRON MICROSCOPY,3.1,2026-04-14T00:00:00.000+00:00,
1bzq,X-RAY DIFFRACTION,2.8,1998-11-03T00:00:00.000+00:00,
1g6v,X-RAY DIFFRACTION,3.5,2000-11-08T00:00:00.000+00:00,
1jto,X-RAY DIFFRACTION,2.5,2001-08-21T00:00:00.000+00:00,
1kxq,X-RAY DIFFRACTION,1.6,2002-02-01T00:00:00.000+00:00,
1kxt,X-RAY DIFFRACTION,2.0,2002-02-01T00:00:00.000+00:00,
1kxv,X-RAY DIFFRACTION,1.6,2002-02-01T00:00:00.000+00:00,
1mel,X-RAY DIFFRACTION,2.5,1996-06-06T00:00:00.000+00:00,
1op9,X-RAY DIFFRACTION,1.86,2003-03-05T00:00:00.000+00:00,
1zmy,X-RAY DIFFRACTION,3.0,2005-05-11T00:00:00.000+00:00,
1zvh,X-RAY DIFFRACTION,1.5,2005-06-02T00:00:00.000+00:00,
1zvy,X-RAY DIFFRACTION,1.63,2005-06-03T00:00:00.000+00:00,
21du,ELECTRON MICROSCOPY,2.9,2025-12-09T00:00:00.000+00:00,
21tv,ELECTRON MICROSCOPY,6.19,2025-12-26T00:00:00.000+00:00,
21tw,ELECTRON MICROSCOPY,2.43,2025-12-24T00:00:00.000+00:00,
24ti,ELECTRON MICROSCOPY,2.88,2026-03-19T00:00:00.000+00:00,
24xy,ELECTRON MICROSCOPY,3.0,2026-03-24T00:00:00.000+00:00,
25nv,ELECTRON MICROSCOPY,3.21,2026-04-10T00:00:00.000+00:00,
25nx,ELECTRON MICROSCOPY,2.86,2026-04-10T00:00:00.000+00:00,
26ap,X-RAY DIFFRACTION,1.5,2026-04-24T00:00:00.000+00:00,
26xh,ELECTRON MICROSCOPY,2.82,2026-05-19T00:00:00.000+00:00,
27uh,X-RAY DIFFRACTION,1.82,2026-06-12T00:00:00.000+00:00,
27xk,ELECTRON MICROSCOPY,2.64,2026-06-16T00:00:00.000+00:00,
28jf,X-RAY DIFFRACTION,2.593,2026-02-03T00:00:00.000+00:00,
29on,X-RAY DIFFRACTION,3.32,2026-03-26T00:00:00.000+00:00,
2bse,X-RAY DIFFRACTION,2.7,2005-05-20T00:00:00.000+00:00,
2p42,X-RAY DIFFRACTION,1.8,2007-03-11T00:00:00.000+00:00,
2p43,X-RAY DIFFRACTION,1.65,2007-03-11T00:00:00.000+00:00,
2p44,X-RAY DIFFRACTION,1.8,2007-03-11T00:00:00.000+00:00,
2p45,X-RAY DIFFRACTION,1.1,2007-03-11T00:00:00.000+00:00,
2p47,X-RAY DIFFRACTION,2.5,2007-03-11T00:00:00.000+00:00,
2p49,X-RAY DIFFRACTION,1.38,2007-03-11T00:00:00.000+00:00,
2p4a,X-RAY DIFFRACTION,1.9,2007-03-11T00:00:00.000+00:00,
2vyr,X-RAY DIFFRACTION,2.0,2008-07-28T00:00:00.000+00:00,
2wzp,X-RAY DIFFRACTION,2.6,2009-12-01T00:00:00.000+00:00,
2xv6,X-RAY DIFFRACTION,1.89,2010-10-22T00:00:00.000+00:00,
30us,ELECTRON MICROSCOPY,3.0,2026-05-13T00:00:00.000+00:00,
30wc,ELECTRON MICROSCOPY,3.0,2026-05-14T00:00:00.000+00:00,
31ic,ELECTRON MICROSCOPY,3.5,2026-06-05T00:00:00.000+00:00,
3cfi,X-RAY DIFFRACTION,2.58,2008-03-03T00:00:00.000+00:00,
3g9a,X-RAY DIFFRACTION,1.614,2009-02-13T00:00:00.000+00:00,
3jbc,ELECTRON MICROSCOPY,6.5,2015-08-26T00:00:00.000+00:00,
3jbd,ELECTRON MICROSCOPY,4.8,2015-08-26T00:00:00.000+00:00,
3jbe,ELECTRON MICROSCOPY,4.2,2015-08-26T00:00:00.000+00:00,
3jbf,ELECTRON MICROSCOPY,4.8,2015-08-26T00:00:00.000+00:00,
3k1k,X-RAY DIFFRACTION,2.15,2009-09-28T00:00:00.000+00:00,
3k3q,X-RAY DIFFRACTION,2.6,2009-10-04T00:00:00.000+00:00,
3k74,X-RAY DIFFRACTION,1.95,2009-10-12T00:00:00.000+00:00,
3k7u,X-RAY DIFFRACTION,2.1,2009-10-13T00:00:00.000+00:00,
3k80,X-RAY DIFFRACTION,2.4,2009-10-13T00:00:00.000+00:00,
3k81,X-RAY DIFFRACTION,3.4,2009-10-13T00:00:00.000+00:00,
3ogo,X-RAY DIFFRACTION,2.8,2010-08-17T00:00:00.000+00:00,
3p0g,X-RAY DIFFRACTION,3.5,2010-09-28T00:00:00.000+00:00,
3p9w,X-RAY DIFFRACTION,2.41,2010-10-18T00:00:00.000+00:00,
3qsk,X-RAY DIFFRACTION,1.75,2011-02-21T00:00:00.000+00:00,
3rjq,X-RAY DIFFRACTION,2.601,2011-04-15T00:00:00.000+00:00,
3sn6,X-RAY DIFFRACTION,3.2,2011-06-28T00:00:00.000+00:00,
3stb,X-RAY DIFFRACTION,2.5,2011-07-09T00:00:00.000+00:00,
3zhd,X-RAY DIFFRACTION,1.962,2012-12-21T00:00:00.000+00:00,
3zks,X-RAY DIFFRACTION,2.11,2013-01-24T00:00:00.000+00:00,
3zkx,X-RAY DIFFRACTION,2.37,2013-01-25T00:00:00.000+00:00,
3zlq,X-RAY DIFFRACTION,2.1,2013-02-04T00:00:00.000+00:00,
4bel,X-RAY DIFFRACTION,1.85,2013-03-11T00:00:00.000+00:00,
4bfb,X-RAY DIFFRACTION,2.21,2013-03-18T00:00:00.000+00:00,
4c57,X-RAY DIFFRACTION,2.55,2013-09-10T00:00:00.000+00:00,
4c58,X-RAY DIFFRACTION,2.16,2013-09-10T00:00:00.000+00:00,
4c59,X-RAY DIFFRACTION,2.8,2013-09-10T00:00:00.000+00:00,
4cdg,X-RAY DIFFRACTION,2.794,2013-10-31T00:00:00.000+00:00,
4dk3,X-RAY DIFFRACTION,2.76,2012-02-03T00:00:00.000+00:00,
4dk6,X-RAY DIFFRACTION,2.65,2012-02-03T00:00:00.000+00:00,
4eig,X-RAY DIFFRACTION,2.5,2012-04-05T00:00:00.000+00:00,
4eiz,X-RAY DIFFRACTION,2.2,2012-04-06T00:00:00.000+00:00,
4ej1,X-RAY DIFFRACTION,1.75,2012-04-06T00:00:00.000+00:00,
4fhb,X-RAY DIFFRACTION,2.8,2012-06-06T00:00:00.000+00:00,
4grw,X-RAY DIFFRACTION,2.55,2012-08-27T00:00:00.000+00:00,
4hem,X-RAY DIFFRACTION,1.65,2012-10-04T00:00:00.000+00:00,
4hep,X-RAY DIFFRACTION,1.75,2012-10-04T00:00:00.000+00:00,
4ios,X-RAY DIFFRACTION,2.4,2013-01-08T00:00:00.000+00:00,
4kml,X-RAY DIFFRACTION,1.5,2013-05-08T00:00:00.000+00:00,
4kro,X-RAY DIFFRACTION,3.054,2013-05-16T00:00:00.000+00:00,
4krp,X-RAY DIFFRACTION,2.823,2013-05-16T00:00:00.000+00:00,
4ksd,X-RAY DIFFRACTION,4.1001,2013-05-17T00:00:00.000+00:00,
4lde,X-RAY DIFFRACTION,2.79,2013-06-24T00:00:00.000+00:00,
4ldl,X-RAY DIFFRACTION,3.1,2013-06-24T00:00:00.000+00:00,
4ldo,X-RAY DIFFRACTION,3.2,2013-06-24T00:00:00.000+00:00,
4lgp,X-RAY DIFFRACTION,2.4,2013-06-28T00:00:00.000+00:00,
4lgr,X-RAY DIFFRACTION,1.65,2013-06-28T00:00:00.000+00:00,
4lgs,X-RAY DIFFRACTION,2.7,2013-06-28T00:00:00.000+00:00,
4lhj,X-RAY DIFFRACTION,1.8,2013-07-01T00:00:00.000+00:00,
4lhq,X-RAY DIFFRACTION,2.3,2013-07-01T00:00:00.000+00:00,
4mqs,X-RAY DIFFRACTION,3.5,2013-09-16T00:00:00.000+00:00,
4mqt,X-RAY DIFFRACTION,3.7,2013-09-16T00:00:00.000+00:00,
4n1h,X-RAY DIFFRACTION,3.0,2013-10-04T00:00:00.000+00:00,
4n9o,X-RAY DIFFRACTION,1.5,2013-10-21T00:00:00.000+00:00,
4nbx,X-RAY DIFFRACTION,1.75,2013-10-23T00:00:00.000+00:00,
4nby,X-RAY DIFFRACTION,2.08,2013-10-23T00:00:00.000+00:00,
4nbz,X-RAY DIFFRACTION,1.75,2013-10-23T00:00:00.000+00:00,
4nc0,X-RAY DIFFRACTION,2.3,2013-10-23T00:00:00.000+00:00,
4nc1,X-RAY DIFFRACTION,2.61,2013-10-23T00:00:00.000+00:00,
4nc2,X-RAY DIFFRACTION,2.5,2013-10-23T00:00:00.000+00:00,
4ocl,X-RAY DIFFRACTION,2.4,2014-01-09T00:00:00.000+00:00,
4ocm,X-RAY DIFFRACTION,1.99,2014-01-09T00:00:00.000+00:00,
4ocn,X-RAY DIFFRACTION,2.25,2014-01-09T00:00:00.000+00:00,
4orz,X-RAY DIFFRACTION,2.0,2014-02-12T00:00:00.000+00:00,
4p2c,X-RAY DIFFRACTION,2.818,2014-03-03T00:00:00.000+00:00,
4pfe,X-RAY DIFFRACTION,2.603,2014-04-29T00:00:00.000+00:00,
4pgj,X-RAY DIFFRACTION,2.6,2014-05-02T00:00:00.000+00:00,
4pir,X-RAY DIFFRACTION,3.5,2014-05-09T00:00:00.000+00:00,
4pou,X-RAY DIFFRACTION,1.75,2014-02-26T00:00:00.000+00:00,
4qkx,X-RAY DIFFRACTION,3.3,2014-06-10T00:00:00.000+00:00,
4qo1,X-RAY DIFFRACTION,1.924,2014-06-19T00:00:00.000+00:00,
4s10,X-RAY DIFFRACTION,2.614,2015-01-07T00:00:00.000+00:00,
4u3x,X-RAY DIFFRACTION,2.26,2014-07-23T00:00:00.000+00:00,
4w2q,X-RAY DIFFRACTION,2.7,2017-08-17T00:00:00.000+00:00,
4w6w,X-RAY DIFFRACTION,2.51,2014-08-21T00:00:00.000+00:00,
4w6x,X-RAY DIFFRACTION,1.88,2014-08-21T00:00:00.000+00:00,
4wen,X-RAY DIFFRACTION,1.89,2014-09-10T00:00:00.000+00:00,
4weu,X-RAY DIFFRACTION,2.61,2014-09-11T00:00:00.000+00:00,
4x7c,X-RAY DIFFRACTION,2.0,2014-12-09T00:00:00.000+00:00,
4x7d,X-RAY DIFFRACTION,2.15,2014-12-09T00:00:00.000+00:00,
4x7e,X-RAY DIFFRACTION,2.11,2014-12-09T00:00:00.000+00:00,
4x7f,X-RAY DIFFRACTION,1.7,2014-12-09T00:00:00.000+00:00,
4xt1,X-RAY DIFFRACTION,2.886,2015-01-22T00:00:00.000+00:00,
4y7m,X-RAY DIFFRACTION,1.92,2015-02-15T00:00:00.000+00:00,
4y8d,X-RAY DIFFRACTION,2.1,2015-02-16T00:00:00.000+00:00,
4yga,X-RAY DIFFRACTION,2.94,2015-02-26T00:00:00.000+00:00,
5bop,X-RAY DIFFRACTION,1.95,2015-05-27T00:00:00.000+00:00,
5boz,X-RAY DIFFRACTION,3.1,2015-05-27T00:00:00.000+00:00,
5c1m,X-RAY DIFFRACTION,2.07,2015-06-15T00:00:00.000+00:00,
5c2u,X-RAY DIFFRACTION,1.55,2015-06-16T00:00:00.000+00:00,
5c3l,X-RAY DIFFRACTION,2.9,2015-06-17T00:00:00.000+00:00,
5da0,X-RAY DIFFRACTION,3.2,2015-08-19T00:00:00.000+00:00,
5dfz,X-RAY DIFFRACTION,4.4,2015-08-27T00:00:00.000+00:00,
5dmj,X-RAY DIFFRACTION,2.79,2015-09-08T00:00:00.000+00:00,
5e0q,X-RAY DIFFRACTION,1.9,2015-09-29T00:00:00.000+00:00,
5e1h,X-RAY DIFFRACTION,2.032,2015-09-29T00:00:00.000+00:00,
5e5m,X-RAY DIFFRACTION,2.182,2015-10-08T00:00:00.000+00:00,
5e7f,X-RAY DIFFRACTION,2.7,2015-10-12T00:00:00.000+00:00,
5eul,X-RAY DIFFRACTION,3.7,2015-11-18T00:00:00.000+00:00,
5f1k,X-RAY DIFFRACTION,2.3,2015-11-30T00:00:00.000+00:00,
5f1o,X-RAY DIFFRACTION,2.2,2015-11-30T00:00:00.000+00:00,
5f7k,X-RAY DIFFRACTION,2.17,2015-12-08T00:00:00.000+00:00,
5f7l,X-RAY DIFFRACTION,2.74,2015-12-08T00:00:00.000+00:00,
5f7m,X-RAY DIFFRACTION,2.72,2015-12-08T00:00:00.000+00:00,
5f7n,X-RAY DIFFRACTION,2.28,2015-12-08T00:00:00.000+00:00,
5f7w,X-RAY DIFFRACTION,2.81,2015-12-08T00:00:00.000+00:00,
5f7y,X-RAY DIFFRACTION,2.44,2015-12-08T00:00:00.000+00:00,
5f8q,X-RAY DIFFRACTION,2.59,2015-12-09T00:00:00.000+00:00,
5f8r,X-RAY DIFFRACTION,2.44,2015-12-09T00:00:00.000+00:00,
5f93,X-RAY DIFFRACTION,2.99,2015-12-09T00:00:00.000+00:00,
5f97,X-RAY DIFFRACTION,2.62,2015-12-09T00:00:00.000+00:00,
5f9a,X-RAY DIFFRACTION,2.44,2015-12-09T00:00:00.000+00:00,
5f9d,X-RAY DIFFRACTION,2.59,2015-12-09T00:00:00.000+00:00,
5foj,ELECTRON MICROSCOPY,2.8,2015-11-22T00:00:00.000+00:00,
5fv2,X-RAY DIFFRACTION,3.45,2016-02-02T00:00:00.000+00:00,
5g5r,X-RAY DIFFRACTION,2.4,2016-06-02T00:00:00.000+00:00,
5g5x,X-RAY DIFFRACTION,2.8,2016-06-09T00:00:00.000+00:00,
5gxb,X-RAY DIFFRACTION,3.3,2016-09-16T00:00:00.000+00:00,
5h8o,X-RAY DIFFRACTION,4.206,2015-12-23T00:00:00.000+00:00,
5hvg,X-RAY DIFFRACTION,3.05,2016-01-28T00:00:00.000+00:00,
5hvh,X-RAY DIFFRACTION,3.0,2016-01-28T00:00:00.000+00:00,
5ihl,X-RAY DIFFRACTION,3.3,2016-02-29T00:00:00.000+00:00,
5imk,X-RAY DIFFRACTION,1.227,2016-03-06T00:00:00.000+00:00,
5iml,X-RAY DIFFRACTION,1.8,2016-03-06T00:00:00.000+00:00,
5imm,X-RAY DIFFRACTION,1.2,2016-03-06T00:00:00.000+00:00,
5imo,X-RAY DIFFRACTION,2.1,2016-03-06T00:00:00.000+00:00,
5ip4,X-RAY DIFFRACTION,1.81,2016-03-09T00:00:00.000+00:00,
5j57,X-RAY DIFFRACTION,1.7,2016-04-01T00:00:00.000+00:00,
5ja8,X-RAY DIFFRACTION,2.49,2016-04-12T00:00:00.000+00:00,
5jmo,X-RAY DIFFRACTION,1.998,2016-04-29T00:00:00.000+00:00,
5jqh,X-RAY DIFFRACTION,3.2,2016-05-05T00:00:00.000+00:00,
5ktz,ELECTRON MICROSCOPY,4.3,2016-07-12T00:00:00.000+00:00,
5ku0,ELECTRON MICROSCOPY,5.3,2016-07-12T00:00:00.000+00:00,
5ku2,ELECTRON MICROSCOPY,5.3,2016-07-12T00:00:00.000+00:00,
5kwl,ELECTRON MICROSCOPY,4.8,2016-07-18T00:00:00.000+00:00,
5l21,X-RAY DIFFRACTION,1.68,2016-07-29T00:00:00.000+00:00,
5lhr,X-RAY DIFFRACTION,2.3,2016-07-12T00:00:00.000+00:00,
5m14,X-RAY DIFFRACTION,1.6,2016-10-07T00:00:00.000+00:00,
5m15,X-RAY DIFFRACTION,1.9,2016-10-07T00:00:00.000+00:00,
5m2i,X-RAY DIFFRACTION,2.15,2016-10-13T00:00:00.000+00:00,
5m2m,X-RAY DIFFRACTION,2.3,2016-10-13T00:00:00.000+00:00,
5m30,X-RAY DIFFRACTION,2.6,2016-10-13T00:00:00.000+00:00,
5m94,X-RAY DIFFRACTION,3.101,2016-10-31T00:00:00.000+00:00,
5m95,X-RAY DIFFRACTION,3.4,2016-10-31T00:00:00.000+00:00,
5mje,X-RAY DIFFRACTION,2.599,2016-11-30T00:00:00.000+00:00,
5mp2,X-RAY DIFFRACTION,2.9,2016-12-15T00:00:00.000+00:00,
5mwn,X-RAY DIFFRACTION,2.2,2017-01-18T00:00:00.000+00:00,
5my6,X-RAY DIFFRACTION,2.246,2017-01-25T00:00:00.000+00:00,
5n88,X-RAY DIFFRACTION,1.7,2017-02-23T00:00:00.000+00:00,
5nbd,X-RAY DIFFRACTION,3.9,2017-03-01T00:00:00.000+00:00,
5nbl,X-RAY DIFFRACTION,2.8,2017-03-02T00:00:00.000+00:00,
5nbm,X-RAY DIFFRACTION,3.4,2017-03-02T00:00:00.000+00:00,
5o02,X-RAY DIFFRACTION,1.72,2017-05-16T00:00:00.000+00:00,
5o04,X-RAY DIFFRACTION,2.3,2017-05-16T00:00:00.000+00:00,
5o0w,X-RAY DIFFRACTION,2.57,2017-05-17T00:00:00.000+00:00,
5o2u,X-RAY DIFFRACTION,2.76,2017-05-22T00:00:00.000+00:00,
5ocl,X-RAY DIFFRACTION,2.2,2017-07-03T00:00:00.000+00:00,
5omn,X-RAY DIFFRACTION,2.682,2017-08-01T00:00:00.000+00:00,
5ovw,X-RAY DIFFRACTION,2.653,2017-08-30T00:00:00.000+00:00,
5sv3,X-RAY DIFFRACTION,2.73,2016-08-04T00:00:00.000+00:00,
5td8,X-RAY DIFFRACTION,7.531,2016-09-17T00:00:00.000+00:00,
5tjw,X-RAY DIFFRACTION,3.231,2016-10-05T00:00:00.000+00:00,
5toj,X-RAY DIFFRACTION,3.3,2016-10-17T00:00:00.000+00:00,
5tok,X-RAY DIFFRACTION,3.8,2016-10-17T00:00:00.000+00:00,
5tsj,ELECTRON MICROSCOPY,8.7,2016-10-29T00:00:00.000+00:00,
5u4m,X-RAY DIFFRACTION,2.5,2016-12-05T00:00:00.000+00:00,
5uk4,X-RAY DIFFRACTION,3.204,2017-01-19T00:00:00.000+00:00,
5ukb,X-RAY DIFFRACTION,5.473,2017-01-20T00:00:00.000+00:00,
5usf,X-RAY DIFFRACTION,2.75,2017-02-13T00:00:00.000+00:00,
5uz7,ELECTRON MICROSCOPY,4.1,2017-02-24T00:00:00.000+00:00,
5vai,ELECTRON MICROSCOPY,4.1,2017-03-27T00:00:00.000+00:00,
5vak,X-RAY DIFFRACTION,1.7,2017-03-27T00:00:00.000+00:00,
5van,X-RAY DIFFRACTION,2.202,2017-03-27T00:00:00.000+00:00,
5vaq,X-RAY DIFFRACTION,2.606,2017-03-27T00:00:00.000+00:00,
5vnw,X-RAY DIFFRACTION,2.6,2017-05-01T00:00:00.000+00:00,
5vxj,X-RAY DIFFRACTION,2.5,2017-05-23T00:00:00.000+00:00,
5vxk,X-RAY DIFFRACTION,2.55,2017-05-23T00:00:00.000+00:00,
5vxl,X-RAY DIFFRACTION,2.8,2017-05-23T00:00:00.000+00:00,
5vxm,X-RAY DIFFRACTION,2.05,2017-05-23T00:00:00.000+00:00,
5wb2,X-RAY DIFFRACTION,3.5,2017-06-27T00:00:00.000+00:00,
5y80,X-RAY DIFFRACTION,2.5,2017-08-18T00:00:00.000+00:00,
6app,X-RAY DIFFRACTION,1.75,2017-08-17T00:00:00.000+00:00,
6b20,X-RAY DIFFRACTION,2.34,2017-09-19T00:00:00.000+00:00,
6b3j,ELECTRON MICROSCOPY,3.3,2017-09-22T00:00:00.000+00:00,
6b73,X-RAY DIFFRACTION,3.1,2017-10-03T00:00:00.000+00:00,
6c5w,X-RAY DIFFRACTION,3.10010233314,2018-01-17T00:00:00.000+00:00,
6c9w,X-RAY DIFFRACTION,3.0,2018-01-29T00:00:00.000+00:00,
6cnv,X-RAY DIFFRACTION,4.1,2018-03-09T00:00:00.000+00:00,
6cwg,X-RAY DIFFRACTION,2.6,2018-03-30T00:00:00.000+00:00,
6dbf,X-RAY DIFFRACTION,1.55,2018-05-03T00:00:00.000+00:00,
6dbg,X-RAY DIFFRACTION,1.51,2018-05-03T00:00:00.000+00:00,
6e3y,ELECTRON MICROSCOPY,3.3,2018-07-16T00:00:00.000+00:00,
6ehg,X-RAY DIFFRACTION,2.65,2017-09-13T00:00:00.000+00:00,
6ey0,X-RAY DIFFRACTION,2.4,2017-11-10T00:00:00.000+00:00,
6ey6,X-RAY DIFFRACTION,2.1,2017-11-10T00:00:00.000+00:00,
6f2g,X-RAY DIFFRACTION,2.92,2017-11-24T00:00:00.000+00:00,
6f2w,X-RAY DIFFRACTION,3.4,2017-11-27T00:00:00.000+00:00,
6fe4,X-RAY DIFFRACTION,3.0,2017-12-29T00:00:00.000+00:00,
6fv0,X-RAY DIFFRACTION,2.29,2018-02-28T00:00:00.000+00:00,
6gdg,ELECTRON MICROSCOPY,4.11,2018-04-23T00:00:00.000+00:00,
6gjq,X-RAY DIFFRACTION,2.49,2018-05-16T00:00:00.000+00:00,
6gjs,X-RAY DIFFRACTION,1.95,2018-05-16T00:00:00.000+00:00,
6gju,X-RAY DIFFRACTION,2.6,2018-05-17T00:00:00.000+00:00,
6gk4,X-RAY DIFFRACTION,2.91,2018-05-18T00:00:00.000+00:00,
6gkd,X-RAY DIFFRACTION,2.99,2018-05-18T00:00:00.000+00:00,
6gs1,X-RAY DIFFRACTION,3.29,2018-06-13T00:00:00.000+00:00,
6gs4,X-RAY DIFFRACTION,2.645,2018-06-13T00:00:00.000+00:00,
6gs7,X-RAY DIFFRACTION,3.3,2018-06-13T00:00:00.000+00:00,
6gwn,X-RAY DIFFRACTION,2.03,2018-06-25T00:00:00.000+00:00,
6gwp,X-RAY DIFFRACTION,2.28,2018-06-25T00:00:00.000+00:00,
6gwq,X-RAY DIFFRACTION,2.32,2018-06-25T00:00:00.000+00:00,
6h02,X-RAY DIFFRACTION,2.8,2018-07-06T00:00:00.000+00:00,
6h15,X-RAY DIFFRACTION,2.6,2018-07-11T00:00:00.000+00:00,
6h16,X-RAY DIFFRACTION,2.9,2018-07-11T00:00:00.000+00:00,
6h71,X-RAY DIFFRACTION,2.313,2018-07-30T00:00:00.000+00:00,
6h72,X-RAY DIFFRACTION,2.3,2018-07-30T00:00:00.000+00:00,
6h7j,X-RAY DIFFRACTION,2.8,2018-07-31T00:00:00.000+00:00,
6h7l,X-RAY DIFFRACTION,2.7,2018-07-31T00:00:00.000+00:00,
6h7m,X-RAY DIFFRACTION,2.76,2018-07-31T00:00:00.000+00:00,
6h7n,X-RAY DIFFRACTION,2.5,2018-07-31T00:00:00.000+00:00,
6h7o,X-RAY DIFFRACTION,2.8,2018-07-31T00:00:00.000+00:00,
6hhu,X-RAY DIFFRACTION,2.7,2018-08-29T00:00:00.000+00:00,
6hjx,X-RAY DIFFRACTION,2.5,2018-09-04T00:00:00.000+00:00,
6hjy,X-RAY DIFFRACTION,2.78,2018-09-04T00:00:00.000+00:00,
6hug,ELECTRON MICROSCOPY,3.1,2018-10-08T00:00:00.000+00:00,
6huj,ELECTRON MICROSCOPY,3.04,2018-10-08T00:00:00.000+00:00,
6huk,ELECTRON MICROSCOPY,3.69,2018-10-08T00:00:00.000+00:00,
6huo,ELECTRON MICROSCOPY,3.26,2018-10-09T00:00:00.000+00:00,
6hup,ELECTRON MICROSCOPY,3.58,2018-10-09T00:00:00.000+00:00,
6i53,ELECTRON MICROSCOPY,3.2,2018-11-12T00:00:00.000+00:00,
6i8g,X-RAY DIFFRACTION,2.344,2018-11-20T00:00:00.000+00:00,
6i8h,X-RAY DIFFRACTION,3.682,2018-11-20T00:00:00.000+00:00,
6ibb,X-RAY DIFFRACTION,2.12,2018-11-29T00:00:00.000+00:00,
6ibl,X-RAY DIFFRACTION,2.7,2018-11-30T00:00:00.000+00:00,
6ir1,X-RAY DIFFRACTION,1.919,2018-11-09T00:00:00.000+00:00,
6ir2,X-RAY DIFFRACTION,1.393,2018-11-09T00:00:00.000+00:00,
6itc,ELECTRON MICROSCOPY,3.45,2018-11-21T00:00:00.000+00:00,
6jri,X-RAY DIFFRACTION,3.101,2019-04-04T00:00:00.000+00:00,
6knm,X-RAY DIFFRACTION,3.2,2019-08-06T00:00:00.000+00:00,
6li3,ELECTRON MICROSCOPY,3.32,2019-12-10T00:00:00.000+00:00,
6lmk,ELECTRON MICROSCOPY,3.7,2019-12-26T00:00:00.000+00:00,
6lpb,ELECTRON MICROSCOPY,3.9,2020-01-09T00:00:00.000+00:00,
6lr7,X-RAY DIFFRACTION,1.67,2020-01-15T00:00:00.000+00:00,
6m1h,ELECTRON MICROSCOPY,3.6,2020-02-26T00:00:00.000+00:00,
6m1i,ELECTRON MICROSCOPY,3.5,2020-02-26T00:00:00.000+00:00,
6mxt,X-RAY DIFFRACTION,2.95934213525,2018-10-31T00:00:00.000+00:00,
6n48,X-RAY DIFFRACTION,3.2,2018-11-17T00:00:00.000+00:00,
6n4y,X-RAY DIFFRACTION,3.262,2018-11-20T00:00:00.000+00:00,
6n50,X-RAY DIFFRACTION,3.751,2018-11-20T00:00:00.000+00:00,
6n51,ELECTRON MICROSCOPY,4.0,2018-11-20T00:00:00.000+00:00,
6nbf,ELECTRON MICROSCOPY,3.0,2018-12-07T00:00:00.000+00:00,
6nbh,ELECTRON MICROSCOPY,3.5,2018-12-07T00:00:00.000+00:00,
6nbi,ELECTRON MICROSCOPY,4.0,2018-12-07T00:00:00.000+00:00,
6nfj,X-RAY DIFFRACTION,3.19,2018-12-20T00:00:00.000+00:00,
6ni3,ELECTRON MICROSCOPY,3.8,2018-12-26T00:00:00.000+00:00,
6niy,ELECTRON MICROSCOPY,3.34,2019-01-02T00:00:00.000+00:00,
6o25,X-RAY DIFFRACTION,2.9,2019-02-22T00:00:00.000+00:00,
6o28,X-RAY DIFFRACTION,1.93,2019-02-22T00:00:00.000+00:00,
6o29,X-RAY DIFFRACTION,2.4,2019-02-22T00:00:00.000+00:00,
6o2a,X-RAY DIFFRACTION,2.15,2019-02-22T00:00:00.000+00:00,
6o2b,X-RAY DIFFRACTION,2.1,2019-02-22T00:00:00.000+00:00,
6o2c,X-RAY DIFFRACTION,2.017,2019-02-22T00:00:00.000+00:00,
6o3c,X-RAY DIFFRACTION,2.8,2019-02-26T00:00:00.000+00:00,
6obm,X-RAY DIFFRACTION,2.495,2019-03-21T00:00:00.000+00:00,
6oca,X-RAY DIFFRACTION,2.113,2019-03-22T00:00:00.000+00:00,
6oq5,X-RAY DIFFRACTION,3.87,2019-04-25T00:00:00.000+00:00,
6oq6,X-RAY DIFFRACTION,2.97,2019-04-25T00:00:00.000+00:00,
6oq7,X-RAY DIFFRACTION,2.39,2019-04-25T00:00:00.000+00:00,
6oq8,X-RAY DIFFRACTION,2.2,2019-04-25T00:00:00.000+00:00,
6orv,ELECTRON MICROSCOPY,3.0,2019-05-01T00:00:00.000+00:00,
6oya,ELECTRON MICROSCOPY,3.3,2019-05-14T00:00:00.000+00:00,
6oyh,X-RAY DIFFRACTION,2.95,2019-05-14T00:00:00.000+00:00,
6oyz,X-RAY DIFFRACTION,3.62,2019-05-15T00:00:00.000+00:00,
6oz6,X-RAY DIFFRACTION,3.7,2019-05-15T00:00:00.000+00:00,
6p9x,ELECTRON MICROSCOPY,2.91,2019-06-10T00:00:00.000+00:00,
6p9y,ELECTRON MICROSCOPY,3.01,2019-06-10T00:00:00.000+00:00,
6pb0,ELECTRON MICROSCOPY,3.0,2019-06-12T00:00:00.000+00:00,
6pb1,ELECTRON MICROSCOPY,2.8,2019-06-12T00:00:00.000+00:00,
6q6z,X-RAY DIFFRACTION,3.476,2018-12-12T00:00:00.000+00:00,
6qgw,X-RAY DIFFRACTION,1.938,2019-01-14T00:00:00.000+00:00,
6qgy,X-RAY DIFFRACTION,2.509,2019-01-14T00:00:00.000+00:00,
6qpg,X-RAY DIFFRACTION,3.34,2019-02-13T00:00:00.000+00:00,
6quz,X-RAY DIFFRACTION,3.21,2019-03-01T00:00:00.000+00:00,
6qv0,X-RAY DIFFRACTION,3.12,2019-03-01T00:00:00.000+00:00,
6qv1,X-RAY DIFFRACTION,3.48,2019-03-01T00:00:00.000+00:00,
6qv2,X-RAY DIFFRACTION,4.23,2019-03-01T00:00:00.000+00:00,
6qx3,ELECTRON MICROSCOPY,3.79,2019-03-07T00:00:00.000+00:00,
6qx4,X-RAY DIFFRACTION,3.27,2019-03-07T00:00:00.000+00:00,
6qxe,ELECTRON MICROSCOPY,4.15,2019-03-07T00:00:00.000+00:00,
6r7t,X-RAY DIFFRACTION,2.682,2019-03-29T00:00:00.000+00:00,
6raf,ELECTRON MICROSCOPY,3.8,2019-04-06T00:00:00.000+00:00,
6rag,ELECTRON MICROSCOPY,4.2,2019-04-06T00:00:00.000+00:00,
6rah,ELECTRON MICROSCOPY,2.8,2019-04-06T00:00:00.000+00:00,
6rai,ELECTRON MICROSCOPY,2.9,2019-04-06T00:00:00.000+00:00,
6raj,ELECTRON MICROSCOPY,3.5,2019-04-06T00:00:00.000+00:00,
6rak,ELECTRON MICROSCOPY,3.3,2019-04-06T00:00:00.000+00:00,
6ral,ELECTRON MICROSCOPY,3.5,2019-04-06T00:00:00.000+00:00,
6ram,ELECTRON MICROSCOPY,3.8,2019-04-06T00:00:00.000+00:00,
6ran,ELECTRON MICROSCOPY,4.2,2019-04-06T00:00:00.000+00:00,
6rpj,X-RAY DIFFRACTION,3.25,2019-05-14T00:00:00.000+00:00,
6rqm,X-RAY DIFFRACTION,3.0,2019-05-16T00:00:00.000+00:00,
6rtw,X-RAY DIFFRACTION,1.9,2019-05-27T00:00:00.000+00:00,
6rty,X-RAY DIFFRACTION,2.1,2019-05-27T00:00:00.000+00:00,
6ru5,X-RAY DIFFRACTION,3.9,2019-05-27T00:00:00.000+00:00,
6rvc,X-RAY DIFFRACTION,2.2,2019-05-31T00:00:00.000+00:00,
6ssi,X-RAY DIFFRACTION,2.59,2019-09-07T00:00:00.000+00:00,
6ssp,X-RAY DIFFRACTION,3.25,2019-09-09T00:00:00.000+00:00,
6tej,X-RAY DIFFRACTION,2.7,2019-11-12T00:00:00.000+00:00,
6tyl,X-RAY DIFFRACTION,3.3,2019-08-09T00:00:00.000+00:00,
6u12,X-RAY DIFFRACTION,1.56,2019-08-15T00:00:00.000+00:00,
6u51,X-RAY DIFFRACTION,2.52,2019-08-26T00:00:00.000+00:00,
6u54,X-RAY DIFFRACTION,1.6,2019-08-26T00:00:00.000+00:00,
6u55,X-RAY DIFFRACTION,1.93,2019-08-26T00:00:00.000+00:00,
6uc6,X-RAY DIFFRACTION,2.32005878384,2019-09-15T00:00:00.000+00:00,
6uht,X-RAY DIFFRACTION,2.20001465977,2019-09-28T00:00:00.000+00:00,
6ui1,X-RAY DIFFRACTION,2.20000858936,2019-09-29T00:00:00.000+00:00,
6ukt,ELECTRON MICROSCOPY,3.87,2019-10-05T00:00:00.000+00:00,
6ul4,X-RAY DIFFRACTION,3.18424332787,2019-10-06T00:00:00.000+00:00,
6ul6,X-RAY DIFFRACTION,2.02000221988,2019-10-07T00:00:00.000+00:00,
6uun,ELECTRON MICROSCOPY,3.0,2019-10-30T00:00:00.000+00:00,
6uus,ELECTRON MICROSCOPY,2.4,2019-10-31T00:00:00.000+00:00,
6uva,ELECTRON MICROSCOPY,2.3,2019-11-01T00:00:00.000+00:00,
6v7z,X-RAY DIFFRACTION,2.75,2019-12-10T00:00:00.000+00:00,
6vcb,ELECTRON MICROSCOPY,3.3,2019-12-20T00:00:00.000+00:00,
6vi4,X-RAY DIFFRACTION,3.3,2020-01-11T00:00:00.000+00:00,
6vn7,ELECTRON MICROSCOPY,3.2,2020-01-29T00:00:00.000+00:00,
6waq,X-RAY DIFFRACTION,2.2,2020-03-25T00:00:00.000+00:00,
6war,X-RAY DIFFRACTION,3.4,2020-03-25T00:00:00.000+00:00,
6whc,ELECTRON MICROSCOPY,3.4,2020-04-07T00:00:00.000+00:00,
6wi9,ELECTRON MICROSCOPY,4.3,2020-04-09T00:00:00.000+00:00,
6wjl,X-RAY DIFFRACTION,3.3,2020-04-14T00:00:00.000+00:00,
6wpw,ELECTRON MICROSCOPY,3.1,2020-04-28T00:00:00.000+00:00,
6ww2,ELECTRON MICROSCOPY,3.7,2020-05-07T00:00:00.000+00:00,
6wzg,ELECTRON MICROSCOPY,2.3,2020-05-13T00:00:00.000+00:00,
6x02,X-RAY DIFFRACTION,6.38,2020-05-15T00:00:00.000+00:00,
6x03,X-RAY DIFFRACTION,7.3,2020-05-15T00:00:00.000+00:00,
6x04,X-RAY DIFFRACTION,2.68,2020-05-15T00:00:00.000+00:00,
6x05,X-RAY DIFFRACTION,2.1,2020-05-15T00:00:00.000+00:00,
6x06,X-RAY DIFFRACTION,4.27,2020-05-15T00:00:00.000+00:00,
6x07,X-RAY DIFFRACTION,2.1,2020-05-15T00:00:00.000+00:00,
6x08,X-RAY DIFFRACTION,4.19,2020-05-15T00:00:00.000+00:00,
6x18,ELECTRON MICROSCOPY,2.1,2020-05-18T00:00:00.000+00:00,
6x19,ELECTRON MICROSCOPY,2.1,2020-05-18T00:00:00.000+00:00,
6x1a,ELECTRON MICROSCOPY,2.5,2020-05-18T00:00:00.000+00:00,
6xox,ELECTRON MICROSCOPY,3.1,2020-07-07T00:00:00.000+00:00,
6xw4,X-RAY DIFFRACTION,2.19,2020-01-23T00:00:00.000+00:00,
6xw6,X-RAY DIFFRACTION,1.96,2020-01-23T00:00:00.000+00:00,
6xzu,X-RAY DIFFRACTION,1.5,2020-02-05T00:00:00.000+00:00,
6y1r,X-RAY DIFFRACTION,1.85,2020-02-13T00:00:00.000+00:00,
6yo6,X-RAY DIFFRACTION,6.0,2020-04-14T00:00:00.000+00:00,
6ysq,X-RAY DIFFRACTION,3.3,2020-04-23T00:00:00.000+00:00,
6yz7,X-RAY DIFFRACTION,3.3,2020-05-06T00:00:00.000+00:00,
6z10,X-RAY DIFFRACTION,2.269,2020-05-11T00:00:00.000+00:00,
6z2m,X-RAY DIFFRACTION,2.71,2020-05-17T00:00:00.000+00:00,
6z43,ELECTRON MICROSCOPY,3.3,2020-05-22T00:00:00.000+00:00,
6z6v,X-RAY DIFFRACTION,2.19,2020-05-29T00:00:00.000+00:00,
6zbv,X-RAY DIFFRACTION,3.4,2020-06-09T00:00:00.000+00:00,
6zcz,X-RAY DIFFRACTION,2.65,2020-06-12T00:00:00.000+00:00,
6zh9,X-RAY DIFFRACTION,3.31,2020-06-21T00:00:00.000+00:00,
6zhd,ELECTRON MICROSCOPY,3.7,2020-06-22T00:00:00.000+00:00,
6zpl,X-RAY DIFFRACTION,3.945,2020-07-08T00:00:00.000+00:00,
6zrv,X-RAY DIFFRACTION,1.88,2020-07-15T00:00:00.000+00:00,
6zxn,ELECTRON MICROSCOPY,2.93,2020-07-30T00:00:00.000+00:00,
7a0v,X-RAY DIFFRACTION,2.3,2020-08-11T00:00:00.000+00:00,
7a17,X-RAY DIFFRACTION,2.73,2020-08-12T00:00:00.000+00:00,
7a25,ELECTRON MICROSCOPY,3.06,2020-08-16T00:00:00.000+00:00,
7a29,ELECTRON MICROSCOPY,2.94,2020-08-16T00:00:00.000+00:00,
7aej,X-RAY DIFFRACTION,3.8,2020-09-17T00:00:00.000+00:00,
7anq,X-RAY DIFFRACTION,2.2,2020-10-12T00:00:00.000+00:00,
7apj,X-RAY DIFFRACTION,2.05,2020-10-16T00:00:00.000+00:00,
7aqg,X-RAY DIFFRACTION,2.27,2020-10-21T00:00:00.000+00:00,
7aqy,X-RAY DIFFRACTION,1.9,2020-10-23T00:00:00.000+00:00,
7ar0,X-RAY DIFFRACTION,2.139,2020-10-23T00:00:00.000+00:00,
7azb,X-RAY DIFFRACTION,2.62,2020-11-16T00:00:00.000+00:00,
7b14,ELECTRON MICROSCOPY,3.79,2020-11-23T00:00:00.000+00:00,
7b17,ELECTRON MICROSCOPY,4.01,2020-11-23T00:00:00.000+00:00,
7b18,ELECTRON MICROSCOPY,2.62,2020-11-24T00:00:00.000+00:00,
7b27,X-RAY DIFFRACTION,2.902,2020-11-26T00:00:00.000+00:00,
7b2m,ELECTRON MICROSCOPY,3.39,2020-11-27T00:00:00.000+00:00,
7b2p,ELECTRON MICROSCOPY,3.43,2020-11-27T00:00:00.000+00:00,
7b2q,ELECTRON MICROSCOPY,3.76,2020-11-27T00:00:00.000+00:00,
7b5g,X-RAY DIFFRACTION,2.4,2020-12-03T00:00:00.000+00:00,
7bb6,ELECTRON MICROSCOPY,4.2,2020-12-17T00:00:00.000+00:00,
7bb7,ELECTRON MICROSCOPY,4.4,2020-12-17T00:00:00.000+00:00,
7bc6,ELECTRON MICROSCOPY,3.2,2020-12-18T00:00:00.000+00:00,
7bc7,ELECTRON MICROSCOPY,3.3,2020-12-18T00:00:00.000+00:00,
7bu7,X-RAY DIFFRACTION,2.6,2020-04-04T00:00:00.000+00:00,
7bw0,ELECTRON MICROSCOPY,3.9,2020-04-12T00:00:00.000+00:00,
7bz2,ELECTRON MICROSCOPY,3.82,2020-04-26T00:00:00.000+00:00,
7c2e,ELECTRON MICROSCOPY,4.2,2020-05-07T00:00:00.000+00:00,
7c8w,X-RAY DIFFRACTION,2.77,2020-06-03T00:00:00.000+00:00,
7can,X-RAY DIFFRACTION,2.94,2020-06-09T00:00:00.000+00:00,
7cfm,ELECTRON MICROSCOPY,3.0,2020-06-27T00:00:00.000+00:00,
7cfn,ELECTRON MICROSCOPY,3.0,2020-06-27T00:00:00.000+00:00,
7ckw,ELECTRON MICROSCOPY,3.22,2020-07-20T00:00:00.000+00:00,
7ckx,ELECTRON MICROSCOPY,3.54,2020-07-20T00:00:00.000+00:00,
7cky,ELECTRON MICROSCOPY,3.2,2020-07-20T00:00:00.000+00:00,
7ckz,ELECTRON MICROSCOPY,3.1,2020-07-20T00:00:00.000+00:00,
7crh,ELECTRON MICROSCOPY,3.3,2020-08-13T00:00:00.000+00:00,
7cx2,ELECTRON MICROSCOPY,2.8,2020-09-01T00:00:00.000+00:00,
7cx3,ELECTRON MICROSCOPY,2.8,2020-09-01T00:00:00.000+00:00,
7cx4,ELECTRON MICROSCOPY,2.9,2020-09-01T00:00:00.000+00:00,
7cz0,X-RAY DIFFRACTION,2.77,2020-09-06T00:00:00.000+00:00,
7cz5,ELECTRON MICROSCOPY,2.6,2020-09-07T00:00:00.000+00:00,
7czd,X-RAY DIFFRACTION,1.64,2020-09-08T00:00:00.000+00:00,
7d3s,ELECTRON MICROSCOPY,2.9,2020-09-20T00:00:00.000+00:00,
7d5u,X-RAY DIFFRACTION,2.04,2020-09-28T00:00:00.000+00:00,
7d68,ELECTRON MICROSCOPY,3.0,2020-09-29T00:00:00.000+00:00,
7d6y,X-RAY DIFFRACTION,1.668,2020-10-02T00:00:00.000+00:00,
7d7m,ELECTRON MICROSCOPY,3.3,2020-10-05T00:00:00.000+00:00,
7d8b,X-RAY DIFFRACTION,2.46,2020-10-07T00:00:00.000+00:00,
7dge,ELECTRON MICROSCOPY,3.65,2020-11-11T00:00:00.000+00:00,
7dh5,ELECTRON MICROSCOPY,3.16,2020-11-12T00:00:00.000+00:00,
7dhi,ELECTRON MICROSCOPY,3.26,2020-11-15T00:00:00.000+00:00,
7dhr,ELECTRON MICROSCOPY,3.8,2020-11-17T00:00:00.000+00:00,
7dss,ELECTRON MICROSCOPY,3.9,2021-01-02T00:00:00.000+00:00,
7dst,ELECTRON MICROSCOPY,3.1,2021-01-02T00:00:00.000+00:00,
7dty,ELECTRON MICROSCOPY,2.98,2021-01-06T00:00:00.000+00:00,
7duq,ELECTRON MICROSCOPY,2.5,2021-01-11T00:00:00.000+00:00,
7dur,ELECTRON MICROSCOPY,3.3,2021-01-11T00:00:00.000+00:00,
7dv4,X-RAY DIFFRACTION,2.38,2021-01-12T00:00:00.000+00:00,
7dw9,ELECTRON MICROSCOPY,2.6,2021-01-15T00:00:00.000+00:00,
7e14,ELECTRON MICROSCOPY,2.9,2021-01-30T00:00:00.000+00:00,
7e53,X-RAY DIFFRACTION,2.21,2021-02-16T00:00:00.000+00:00,
7e6u,ELECTRON MICROSCOPY,6.0,2021-02-24T00:00:00.000+00:00,
7e9g,ELECTRON MICROSCOPY,3.5,2021-03-04T00:00:00.000+00:00,
7eow,X-RAY DIFFRACTION,1.6,2021-04-23T00:00:00.000+00:00,
7epb,ELECTRON MICROSCOPY,3.1,2021-04-26T00:00:00.000+00:00,
7ept,ELECTRON MICROSCOPY,3.0,2021-04-27T00:00:00.000+00:00,
7evm,ELECTRON MICROSCOPY,2.5,2021-05-21T00:00:00.000+00:00,
7f0t,ELECTRON MICROSCOPY,3.1,2021-06-07T00:00:00.000+00:00,
7f16,ELECTRON MICROSCOPY,2.8,2021-06-08T00:00:00.000+00:00,
7f1g,X-RAY DIFFRACTION,1.5,2021-06-09T00:00:00.000+00:00,
7f1o,ELECTRON MICROSCOPY,3.13,2021-06-09T00:00:00.000+00:00,
7f23,ELECTRON MICROSCOPY,3.58,2021-06-10T00:00:00.000+00:00,
7f4d,ELECTRON MICROSCOPY,3.0,2021-06-18T00:00:00.000+00:00,
7f4h,ELECTRON MICROSCOPY,2.7,2021-06-18T00:00:00.000+00:00,
7f4i,ELECTRON MICROSCOPY,3.1,2021-06-18T00:00:00.000+00:00,
7f53,ELECTRON MICROSCOPY,3.0,2021-06-21T00:00:00.000+00:00,
7f54,ELECTRON MICROSCOPY,3.0,2021-06-21T00:00:00.000+00:00,
7f55,ELECTRON MICROSCOPY,3.1,2021-06-21T00:00:00.000+00:00,
7f58,ELECTRON MICROSCOPY,3.1,2021-06-21T00:00:00.000+00:00,
7f9y,ELECTRON MICROSCOPY,2.9,2021-07-05T00:00:00.000+00:00,
7f9z,ELECTRON MICROSCOPY,3.2,2021-07-05T00:00:00.000+00:00,
7fat,X-RAY DIFFRACTION,1.99,2021-07-07T00:00:00.000+00:00,
7fau,X-RAY DIFFRACTION,2.08,2021-07-07T00:00:00.000+00:00,
7fg2,ELECTRON MICROSCOPY,4.4,2021-07-25T00:00:00.000+00:00,
7fg3,ELECTRON MICROSCOPY,3.9,2021-07-25T00:00:00.000+00:00,
7fh0,X-RAY DIFFRACTION,3.2,2021-07-28T00:00:00.000+00:00,
7fig,ELECTRON MICROSCOPY,3.9,2021-07-31T00:00:00.000+00:00,
7fim,ELECTRON MICROSCOPY,3.4,2021-07-31T00:00:00.000+00:00,
7fin,ELECTRON MICROSCOPY,3.1,2021-07-31T00:00:00.000+00:00,
7fiy,ELECTRON MICROSCOPY,3.4,2021-08-01T00:00:00.000+00:00,
7jhg,ELECTRON MICROSCOPY,3.47,2020-07-20T00:00:00.000+00:00,
7jhh,ELECTRON MICROSCOPY,3.92,2020-07-20T00:00:00.000+00:00,
7jjo,ELECTRON MICROSCOPY,2.6,2020-07-27T00:00:00.000+00:00,
7jkm,X-RAY DIFFRACTION,1.78,2020-07-28T00:00:00.000+00:00,
7joo,X-RAY DIFFRACTION,2.4,2020-08-06T00:00:00.000+00:00,
7joz,X-RAY DIFFRACTION,3.8,2020-08-07T00:00:00.000+00:00,
7jv5,ELECTRON MICROSCOPY,3.0,2020-08-20T00:00:00.000+00:00,
7jvp,ELECTRON MICROSCOPY,2.9,2020-08-22T00:00:00.000+00:00,
7jvq,ELECTRON MICROSCOPY,3.0,2020-08-22T00:00:00.000+00:00,
7jwb,ELECTRON MICROSCOPY,3.2,2020-08-25T00:00:00.000+00:00,
7k7y,X-RAY DIFFRACTION,3.6,2020-09-24T00:00:00.000+00:00,
7kbi,X-RAY DIFFRACTION,3.049,2020-10-02T00:00:00.000+00:00,
7kbk,X-RAY DIFFRACTION,2.091,2020-10-02T00:00:00.000+00:00,
7kc9,X-RAY DIFFRACTION,2.301,2020-10-05T00:00:00.000+00:00,
7kd0,X-RAY DIFFRACTION,2.768,2020-10-07T00:00:00.000+00:00,
7kdm,X-RAY DIFFRACTION,2.301,2020-10-08T00:00:00.000+00:00,
7kdu,X-RAY DIFFRACTION,2.809,2020-10-09T00:00:00.000+00:00,
7kgj,X-RAY DIFFRACTION,2.3,2020-10-16T00:00:00.000+00:00,
7kgk,X-RAY DIFFRACTION,2.6,2020-10-16T00:00:00.000+00:00,
7kh0,ELECTRON MICROSCOPY,2.8,2020-10-19T00:00:00.000+00:00,
7ki0,ELECTRON MICROSCOPY,2.5,2020-10-22T00:00:00.000+00:00,
7ki1,ELECTRON MICROSCOPY,2.5,2020-10-22T00:00:00.000+00:00,
7kji,X-RAY DIFFRACTION,3.25,2020-10-26T00:00:00.000+00:00,
7kkk,ELECTRON MICROSCOPY,3.03,2020-10-27T00:00:00.000+00:00,
7kkl,ELECTRON MICROSCOPY,2.85,2020-10-27T00:00:00.000+00:00,
7klw,X-RAY DIFFRACTION,2.6,2020-11-01T00:00:00.000+00:00,
7km5,X-RAY DIFFRACTION,3.19,2020-11-02T00:00:00.000+00:00,
7kn5,X-RAY DIFFRACTION,1.87,2020-11-04T00:00:00.000+00:00,
7kn6,X-RAY DIFFRACTION,2.55,2020-11-04T00:00:00.000+00:00,
7kn7,X-RAY DIFFRACTION,2.73,2020-11-04T00:00:00.000+00:00,
7ksg,ELECTRON MICROSCOPY,3.33,2020-11-22T00:00:00.000+00:00,
7l1v,ELECTRON MICROSCOPY,3.0,2020-12-15T00:00:00.000+00:00,
7l6v,X-RAY DIFFRACTION,2.01,2020-12-24T00:00:00.000+00:00,
7ldj,X-RAY DIFFRACTION,2.36,2021-01-13T00:00:00.000+00:00,
7ljc,ELECTRON MICROSCOPY,3.0,2021-01-28T00:00:00.000+00:00,
7ljd,ELECTRON MICROSCOPY,3.2,2021-01-28T00:00:00.000+00:00,
7lll,ELECTRON MICROSCOPY,3.7,2021-02-04T00:00:00.000+00:00,
7lly,ELECTRON MICROSCOPY,3.3,2021-02-04T00:00:00.000+00:00,
7lvw,X-RAY DIFFRACTION,2.1,2021-02-26T00:00:00.000+00:00,
7lx5,ELECTRON MICROSCOPY,3.44,2021-03-03T00:00:00.000+00:00,
7lzp,X-RAY DIFFRACTION,2.86,2021-03-10T00:00:00.000+00:00,
7m1h,X-RAY DIFFRACTION,2.78,2021-03-13T00:00:00.000+00:00,
7m74,ELECTRON MICROSCOPY,3.93,2021-03-26T00:00:00.000+00:00,
7mbx,ELECTRON MICROSCOPY,1.95,2021-04-01T00:00:00.000+00:00,
7mdw,ELECTRON MICROSCOPY,3.58,2021-04-06T00:00:00.000+00:00,
7me7,ELECTRON MICROSCOPY,3.73,2021-04-06T00:00:00.000+00:00,
7mej,ELECTRON MICROSCOPY,3.55,2021-04-06T00:00:00.000+00:00,
7mjh,ELECTRON MICROSCOPY,2.66,2021-04-20T00:00:00.000+00:00,
7mji,ELECTRON MICROSCOPY,2.81,2021-04-20T00:00:00.000+00:00,
7my2,ELECTRON MICROSCOPY,2.65,2021-05-20T00:00:00.000+00:00,
7my3,ELECTRON MICROSCOPY,2.9,2021-05-20T00:00:00.000+00:00,
7n0g,ELECTRON MICROSCOPY,3.02,2021-05-25T00:00:00.000+00:00,
7n0h,ELECTRON MICROSCOPY,3.34,2021-05-25T00:00:00.000+00:00,
7n0i,X-RAY DIFFRACTION,2.2,2021-05-25T00:00:00.000+00:00,
7n0r,X-RAY DIFFRACTION,1.42,2021-05-25T00:00:00.000+00:00,
7n9a,ELECTRON MICROSCOPY,3.5,2021-06-17T00:00:00.000+00:00,
7n9b,ELECTRON MICROSCOPY,3.8,2021-06-17T00:00:00.000+00:00,
7n9c,ELECTRON MICROSCOPY,3.71,2021-06-17T00:00:00.000+00:00,
7n9e,ELECTRON MICROSCOPY,3.52,2021-06-17T00:00:00.000+00:00,
7n9t,ELECTRON MICROSCOPY,3.18,2021-06-18T00:00:00.000+00:00,
7n9u,X-RAY DIFFRACTION,3.19,2021-06-18T00:00:00.000+00:00,
7n9v,X-RAY DIFFRACTION,3.45,2021-06-18T00:00:00.000+00:00,
7n9x,X-RAY DIFFRACTION,3.511,2021-06-18T00:00:00.000+00:00,
7nbb,X-RAY DIFFRACTION,1.55,2021-01-26T00:00:00.000+00:00,
7ndf,X-RAY DIFFRACTION,2.1,2021-02-01T00:00:00.000+00:00,
7nfq,X-RAY DIFFRACTION,1.68,2021-02-07T00:00:00.000+00:00,
7ngh,ELECTRON MICROSCOPY,3.5,2021-02-09T00:00:00.000+00:00,
7nir,ELECTRON MICROSCOPY,6.7,2021-02-13T00:00:00.000+00:00,
7nj3,ELECTRON MICROSCOPY,4.48,2021-02-15T00:00:00.000+00:00,
7nk1,ELECTRON MICROSCOPY,4.22,2021-02-17T00:00:00.000+00:00,
7nk8,ELECTRON MICROSCOPY,5.34,2021-02-17T00:00:00.000+00:00,
7nki,ELECTRON MICROSCOPY,4.67,2021-02-18T00:00:00.000+00:00,
7nll,ELECTRON MICROSCOPY,2.89,2021-02-22T00:00:00.000+00:00,
7nmu,X-RAY DIFFRACTION,2.5,2021-02-23T00:00:00.000+00:00,
7now,X-RAY DIFFRACTION,1.85,2021-02-26T00:00:00.000+00:00,
7nqk,ELECTRON MICROSCOPY,3.5,2021-03-01T00:00:00.000+00:00,
7ns6,ELECTRON MICROSCOPY,3.18,2021-03-05T00:00:00.000+00:00,
7nvl,ELECTRON MICROSCOPY,2.5,2021-03-15T00:00:00.000+00:00,
7nvm,ELECTRON MICROSCOPY,3.1,2021-03-15T00:00:00.000+00:00,
7nvn,ELECTRON MICROSCOPY,3.0,2021-03-15T00:00:00.000+00:00,
7nvo,ELECTRON MICROSCOPY,3.5,2021-03-15T00:00:00.000+00:00,
7nx0,X-RAY DIFFRACTION,1.95,2021-03-17T00:00:00.000+00:00,
7nxx,X-RAY DIFFRACTION,2.189,2021-03-19T00:00:00.000+00:00,
7o06,X-RAY DIFFRACTION,1.6,2021-03-25T00:00:00.000+00:00,
7o0s,X-RAY DIFFRACTION,1.7,2021-03-26T00:00:00.000+00:00,
7o31,X-RAY DIFFRACTION,1.55,2021-04-01T00:00:00.000+00:00,
7o3b,X-RAY DIFFRACTION,2.4,2021-04-01T00:00:00.000+00:00,
7o4y,X-RAY DIFFRACTION,1.6,2021-04-07T00:00:00.000+00:00,
7oan,ELECTRON MICROSCOPY,3.0,2021-04-19T00:00:00.000+00:00,
7oao,X-RAY DIFFRACTION,1.5,2021-04-19T00:00:00.000+00:00,
7oap,X-RAY DIFFRACTION,1.901,2021-04-19T00:00:00.000+00:00,
7oaq,X-RAY DIFFRACTION,1.55,2021-04-20T00:00:00.000+00:00,
7oau,X-RAY DIFFRACTION,1.65,2021-04-20T00:00:00.000+00:00,
7oay,X-RAY DIFFRACTION,2.34,2021-04-20T00:00:00.000+00:00,
7ocj,X-RAY DIFFRACTION,2.7,2021-04-27T00:00:00.000+00:00,
7ocy,ELECTRON MICROSCOPY,4.25,2021-04-28T00:00:00.000+00:00,
7olz,X-RAY DIFFRACTION,1.75,2021-05-20T00:00:00.000+00:00,
7om4,X-RAY DIFFRACTION,6.05,2021-05-21T00:00:00.000+00:00,
7omm,ELECTRON MICROSCOPY,3.4,2021-05-24T00:00:00.000+00:00,
7ozt,X-RAY DIFFRACTION,1.74,2021-06-28T00:00:00.000+00:00,
7p2d,X-RAY DIFFRACTION,3.2,2021-07-05T00:00:00.000+00:00,
7p5v,ELECTRON MICROSCOPY,3.06,2021-07-15T00:00:00.000+00:00,
7p5w,ELECTRON MICROSCOPY,3.5,2021-07-15T00:00:00.000+00:00,
7p5y,ELECTRON MICROSCOPY,3.29,2021-07-15T00:00:00.000+00:00,
7p60,ELECTRON MICROSCOPY,3.8,2021-07-15T00:00:00.000+00:00,
7p6k,ELECTRON MICROSCOPY,3.8,2021-07-16T00:00:00.000+00:00,
7p77,ELECTRON MICROSCOPY,2.98,2021-07-19T00:00:00.000+00:00,
7p78,ELECTRON MICROSCOPY,3.32,2021-07-19T00:00:00.000+00:00,
7p79,ELECTRON MICROSCOPY,4.0,2021-07-19T00:00:00.000+00:00,
7p7a,ELECTRON MICROSCOPY,4.76,2021-07-19T00:00:00.000+00:00,
7paf,ELECTRON MICROSCOPY,3.75,2021-07-29T00:00:00.000+00:00,
7ph2,ELECTRON MICROSCOPY,3.7,2021-08-16T00:00:00.000+00:00,
7ph3,ELECTRON MICROSCOPY,2.8,2021-08-16T00:00:00.000+00:00,
7ph7,ELECTRON MICROSCOPY,4.1,2021-08-16T00:00:00.000+00:00,
7php,ELECTRON MICROSCOPY,3.47,2021-08-18T00:00:00.000+00:00,
7phq,ELECTRON MICROSCOPY,8.45,2021-08-18T00:00:00.000+00:00,
7pij,ELECTRON MICROSCOPY,3.78,2021-08-20T00:00:00.000+00:00,
7piu,ELECTRON MICROSCOPY,2.58,2021-08-23T00:00:00.000+00:00,
7piv,ELECTRON MICROSCOPY,2.86,2021-08-23T00:00:00.000+00:00,
7pqg,ELECTRON MICROSCOPY,3.7,2021-09-21T00:00:00.000+00:00,
7pqq,ELECTRON MICROSCOPY,3.3,2021-09-18T00:00:00.000+00:00,
7q3r,X-RAY DIFFRACTION,1.92,2021-10-28T00:00:00.000+00:00,
7q6c,X-RAY DIFFRACTION,2.29274,2021-11-06T00:00:00.000+00:00,
7qbd,X-RAY DIFFRACTION,4.18,2021-11-19T00:00:00.000+00:00,
7qbe,X-RAY DIFFRACTION,3.0,2021-11-19T00:00:00.000+00:00,
7qe5,ELECTRON MICROSCOPY,4.7,2021-12-01T00:00:00.000+00:00,
7qha,ELECTRON MICROSCOPY,2.97,2021-12-11T00:00:00.000+00:00,
7qia,ELECTRON MICROSCOPY,3.5,2021-12-14T00:00:00.000+00:00,
7qic,ELECTRON MICROSCOPY,4.1,2021-12-14T00:00:00.000+00:00,
7qiv,X-RAY DIFFRACTION,2.8,2021-12-16T00:00:00.000+00:00,
7qji,X-RAY DIFFRACTION,4.1,2021-12-16T00:00:00.000+00:00,
7qjj,X-RAY DIFFRACTION,4.6,2021-12-16T00:00:00.000+00:00,
7qne,ELECTRON MICROSCOPY,2.7,2021-12-20T00:00:00.000+00:00,
7qvk,X-RAY DIFFRACTION,3.1,2022-01-21T00:00:00.000+00:00,
7r1z,X-RAY DIFFRACTION,1.94,2022-02-03T00:00:00.000+00:00,
7r23,X-RAY DIFFRACTION,2.77,2022-02-04T00:00:00.000+00:00,
7r24,X-RAY DIFFRACTION,2.7,2022-02-04T00:00:00.000+00:00,
7r4i,ELECTRON MICROSCOPY,3.2,2022-02-08T00:00:00.000+00:00,
7r4q,ELECTRON MICROSCOPY,3.6,2022-02-09T00:00:00.000+00:00,
7r4r,ELECTRON MICROSCOPY,3.9,2022-02-09T00:00:00.000+00:00,
7r73,X-RAY DIFFRACTION,1.76,2021-06-24T00:00:00.000+00:00,
7r74,X-RAY DIFFRACTION,2.76,2021-06-24T00:00:00.000+00:00,
7r98,X-RAY DIFFRACTION,2.51,2021-06-28T00:00:00.000+00:00,
7ra3,ELECTRON MICROSCOPY,3.24,2021-06-29T00:00:00.000+00:00,
7rbt,ELECTRON MICROSCOPY,3.08,2021-07-06T00:00:00.000+00:00,
7rby,X-RAY DIFFRACTION,2.82,2021-07-06T00:00:00.000+00:00,
7rg9,ELECTRON MICROSCOPY,3.2,2021-07-14T00:00:00.000+00:00,
7rgp,ELECTRON MICROSCOPY,2.9,2021-07-15T00:00:00.000+00:00,
7ri2,X-RAY DIFFRACTION,2.8,2021-07-19T00:00:00.000+00:00,
7rmg,ELECTRON MICROSCOPY,3.0,2021-07-27T00:00:00.000+00:00,
7rmh,ELECTRON MICROSCOPY,3.1,2021-07-27T00:00:00.000+00:00,
7rmi,ELECTRON MICROSCOPY,3.2,2021-07-27T00:00:00.000+00:00,
7rnn,ELECTRON MICROSCOPY,2.86,2021-07-29T00:00:00.000+00:00,
7rtb,ELECTRON MICROSCOPY,2.14,2021-08-12T00:00:00.000+00:00,
7ru6,ELECTRON MICROSCOPY,4.4,2021-08-16T00:00:00.000+00:00,
7rug,ELECTRON MICROSCOPY,4.7,2021-08-17T00:00:00.000+00:00,
7rxc,ELECTRON MICROSCOPY,3.2,2021-08-22T00:00:00.000+00:00,
7rxd,ELECTRON MICROSCOPY,3.6,2021-08-22T00:00:00.000+00:00,
7s1m,ELECTRON MICROSCOPY,2.41,2021-09-02T00:00:00.000+00:00,
7s3i,ELECTRON MICROSCOPY,2.51,2021-09-07T00:00:00.000+00:00,
7saj,X-RAY DIFFRACTION,2.37,2021-09-22T00:00:00.000+00:00,
7sak,X-RAY DIFFRACTION,1.15,2021-09-22T00:00:00.000+00:00,
7sk5,ELECTRON MICROSCOPY,4.0,2021-10-19T00:00:00.000+00:00,
7sk7,ELECTRON MICROSCOPY,3.3,2021-10-19T00:00:00.000+00:00,
7sl8,ELECTRON MICROSCOPY,3.4,2021-10-23T00:00:00.000+00:00,
7sl9,ELECTRON MICROSCOPY,3.5,2021-10-23T00:00:00.000+00:00,
7sla,ELECTRON MICROSCOPY,3.15,2021-10-23T00:00:00.000+00:00,
7sp6,ELECTRON MICROSCOPY,3.1,2021-11-02T00:00:00.000+00:00,
7sp7,ELECTRON MICROSCOPY,3.1,2021-11-02T00:00:00.000+00:00,
7sp8,ELECTRON MICROSCOPY,2.7,2021-11-02T00:00:00.000+00:00,
7sp9,ELECTRON MICROSCOPY,2.9,2021-11-02T00:00:00.000+00:00,
7spa,ELECTRON MICROSCOPY,2.8,2021-11-02T00:00:00.000+00:00,
7sqp,X-RAY DIFFRACTION,2.53,2021-11-05T00:00:00.000+00:00,
7sr0,X-RAY DIFFRACTION,2.54,2021-11-07T00:00:00.000+00:00,
7sr3,X-RAY DIFFRACTION,2.49,2021-11-07T00:00:00.000+00:00,
7sr4,X-RAY DIFFRACTION,2.59,2021-11-07T00:00:00.000+00:00,
7sr5,X-RAY DIFFRACTION,2.35,2021-11-07T00:00:00.000+00:00,
7srk,X-RAY DIFFRACTION,2.5,2021-11-08T00:00:00.000+00:00,
7ssh,X-RAY DIFFRACTION,2.73,2021-11-11T00:00:00.000+00:00,
7ssz,ELECTRON MICROSCOPY,3.25,2021-11-11T00:00:00.000+00:00,
7st3,X-RAY DIFFRACTION,2.78,2021-11-11T00:00:00.000+00:00,
7stg,X-RAY DIFFRACTION,2.7,2021-11-12T00:00:00.000+00:00,
7t5f,X-RAY DIFFRACTION,2.6,2021-12-12T00:00:00.000+00:00,
7t9i,ELECTRON MICROSCOPY,2.9,2021-12-19T00:00:00.000+00:00,
7t9n,ELECTRON MICROSCOPY,2.9,2021-12-19T00:00:00.000+00:00,
7th3,X-RAY DIFFRACTION,2.292,2022-01-10T00:00:00.000+00:00,
7tmw,ELECTRON MICROSCOPY,3.2,2022-01-20T00:00:00.000+00:00,
7tpr,ELECTRON MICROSCOPY,2.39,2022-01-25T00:00:00.000+00:00,
7tuy,ELECTRON MICROSCOPY,2.98,2022-02-03T00:00:00.000+00:00,
7tyf,ELECTRON MICROSCOPY,2.2,2022-02-13T00:00:00.000+00:00,
7tyh,ELECTRON MICROSCOPY,3.3,2022-02-13T00:00:00.000+00:00,
7tyi,ELECTRON MICROSCOPY,3.3,2022-02-13T00:00:00.000+00:00,
7tyl,ELECTRON MICROSCOPY,3.3,2022-02-13T00:00:00.000+00:00,
7tyn,ELECTRON MICROSCOPY,2.6,2022-02-13T00:00:00.000+00:00,
7tyo,ELECTRON MICROSCOPY,2.7,2022-02-14T00:00:00.000+00:00,
7tyw,ELECTRON MICROSCOPY,3.0,2022-02-14T00:00:00.000+00:00,
7tyx,ELECTRON MICROSCOPY,2.55,2022-02-14T00:00:00.000+00:00,
7tyy,ELECTRON MICROSCOPY,3.0,2022-02-14T00:00:00.000+00:00,
7tzf,ELECTRON MICROSCOPY,2.4,2022-02-15T00:00:00.000+00:00,
7ubx,X-RAY DIFFRACTION,1.81,2022-03-15T00:00:00.000+00:00,
7uby,X-RAY DIFFRACTION,2.1,2022-03-15T00:00:00.000+00:00,
7uia,X-RAY DIFFRACTION,2.59,2022-03-28T00:00:00.000+00:00,
7uib,X-RAY DIFFRACTION,2.77,2022-03-29T00:00:00.000+00:00,
7uie,X-RAY DIFFRACTION,3.23,2022-03-29T00:00:00.000+00:00,
7ul2,ELECTRON MICROSCOPY,2.4,2022-04-03T00:00:00.000+00:00,
7ul3,ELECTRON MICROSCOPY,3.0,2022-04-03T00:00:00.000+00:00,
7ul4,ELECTRON MICROSCOPY,2.8,2022-04-03T00:00:00.000+00:00,
7ul5,ELECTRON MICROSCOPY,3.1,2022-04-03T00:00:00.000+00:00,
7unz,X-RAY DIFFRACTION,2.03,2022-04-12T00:00:00.000+00:00,
7upm,X-RAY DIFFRACTION,2.7,2022-04-15T00:00:00.000+00:00,
7utz,ELECTRON MICROSCOPY,2.4,2022-04-28T00:00:00.000+00:00,
7uym,X-RAY DIFFRACTION,2.2,2022-05-06T00:00:00.000+00:00,
7v35,ELECTRON MICROSCOPY,3.5,2021-08-10T00:00:00.000+00:00,
7v9l,ELECTRON MICROSCOPY,2.6,2021-08-26T00:00:00.000+00:00,
7v9m,ELECTRON MICROSCOPY,3.29,2021-08-26T00:00:00.000+00:00,
7vab,ELECTRON MICROSCOPY,3.2,2021-08-28T00:00:00.000+00:00,
7vbh,ELECTRON MICROSCOPY,3.0,2021-08-31T00:00:00.000+00:00,
7vbi,ELECTRON MICROSCOPY,3.0,2021-08-31T00:00:00.000+00:00,
7vfa,X-RAY DIFFRACTION,1.75,2021-09-11T00:00:00.000+00:00,
7vfb,X-RAY DIFFRACTION,2.0,2021-09-11T00:00:00.000+00:00,
7vke,X-RAY DIFFRACTION,1.9,2021-09-29T00:00:00.000+00:00,
7vnb,X-RAY DIFFRACTION,2.27,2021-10-10T00:00:00.000+00:00,
7vnc,ELECTRON MICROSCOPY,3.7,2021-10-10T00:00:00.000+00:00,
7vnd,ELECTRON MICROSCOPY,3.6,2021-10-10T00:00:00.000+00:00,
7vne,ELECTRON MICROSCOPY,3.5,2021-10-10T00:00:00.000+00:00,
7voa,X-RAY DIFFRACTION,1.8,2021-10-13T00:00:00.000+00:00,
7vq0,ELECTRON MICROSCOPY,3.03,2021-10-18T00:00:00.000+00:00,
7vqx,ELECTRON MICROSCOPY,2.74,2021-10-21T00:00:00.000+00:00,
7vuh,ELECTRON MICROSCOPY,3.22,2021-11-02T00:00:00.000+00:00,
7vui,ELECTRON MICROSCOPY,3.3,2021-11-02T00:00:00.000+00:00,
7vuj,ELECTRON MICROSCOPY,3.8,2021-11-02T00:00:00.000+00:00,
7vvj,ELECTRON MICROSCOPY,3.2,2021-11-06T00:00:00.000+00:00,
7vvk,ELECTRON MICROSCOPY,3.3,2021-11-06T00:00:00.000+00:00,
7vvl,ELECTRON MICROSCOPY,2.8,2021-11-06T00:00:00.000+00:00,
7vvm,ELECTRON MICROSCOPY,3.2,2021-11-06T00:00:00.000+00:00,
7vvn,ELECTRON MICROSCOPY,3.8,2021-11-06T00:00:00.000+00:00,
7vvo,ELECTRON MICROSCOPY,4.1,2021-11-06T00:00:00.000+00:00,
7w1s,X-RAY DIFFRACTION,1.997,2021-11-20T00:00:00.000+00:00,
7wbj,ELECTRON MICROSCOPY,3.42,2021-12-16T00:00:00.000+00:00,
7wcm,ELECTRON MICROSCOPY,2.33,2021-12-20T00:00:00.000+00:00,
7wcn,ELECTRON MICROSCOPY,2.87,2021-12-20T00:00:00.000+00:00,
7wd1,X-RAY DIFFRACTION,2.5,2021-12-20T00:00:00.000+00:00,
7whi,ELECTRON MICROSCOPY,2.93,2021-12-30T00:00:00.000+00:00,
7whj,ELECTRON MICROSCOPY,3.27,2021-12-30T00:00:00.000+00:00,
7whk,ELECTRON MICROSCOPY,3.01,2021-12-30T00:00:00.000+00:00,
7wki,X-RAY DIFFRACTION,2.6,2022-01-10T00:00:00.000+00:00,
7wn0,ELECTRON MICROSCOPY,3.64,2022-01-17T00:00:00.000+00:00,
7wpd,ELECTRON MICROSCOPY,3.18,2022-01-23T00:00:00.000+00:00,
7wpe,ELECTRON MICROSCOPY,2.69,2022-01-23T00:00:00.000+00:00,
7wpf,ELECTRON MICROSCOPY,2.92,2022-01-23T00:00:00.000+00:00,
7wq4,ELECTRON MICROSCOPY,2.6,2022-01-24T00:00:00.000+00:00,
7wu2,ELECTRON MICROSCOPY,2.8,2022-02-05T00:00:00.000+00:00,
7wu3,ELECTRON MICROSCOPY,3.1,2022-02-05T00:00:00.000+00:00,
7wui,ELECTRON MICROSCOPY,3.1,2022-02-08T00:00:00.000+00:00,
7wuj,ELECTRON MICROSCOPY,3.3,2022-02-08T00:00:00.000+00:00,
7wuq,ELECTRON MICROSCOPY,2.9,2022-02-09T00:00:00.000+00:00,
7wxu,ELECTRON MICROSCOPY,2.85,2022-02-15T00:00:00.000+00:00,
7wxw,ELECTRON MICROSCOPY,2.84,2022-02-15T00:00:00.000+00:00,
7wy5,ELECTRON MICROSCOPY,2.83,2022-02-15T00:00:00.000+00:00,
7wy8,ELECTRON MICROSCOPY,2.83,2022-02-15T00:00:00.000+00:00,
7x2c,ELECTRON MICROSCOPY,3.2,2022-02-25T00:00:00.000+00:00,
7x2d,ELECTRON MICROSCOPY,3.3,2022-02-25T00:00:00.000+00:00,
7x2f,ELECTRON MICROSCOPY,3.0,2022-02-25T00:00:00.000+00:00,
7x2j,X-RAY DIFFRACTION,2.4,2022-02-25T00:00:00.000+00:00,
7x2k,X-RAY DIFFRACTION,2.4,2022-02-25T00:00:00.000+00:00,
7x2m,X-RAY DIFFRACTION,1.8,2022-02-25T00:00:00.000+00:00,
7x4i,X-RAY DIFFRACTION,3.38,2022-03-02T00:00:00.000+00:00,
7x7d,X-RAY DIFFRACTION,2.92,2022-03-09T00:00:00.000+00:00,
7x7e,X-RAY DIFFRACTION,2.67,2022-03-09T00:00:00.000+00:00,
7x8r,ELECTRON MICROSCOPY,2.61,2022-03-14T00:00:00.000+00:00,
7x8s,ELECTRON MICROSCOPY,3.09,2022-03-14T00:00:00.000+00:00,
7xjh,ELECTRON MICROSCOPY,3.3,2022-04-18T00:00:00.000+00:00,
7xji,ELECTRON MICROSCOPY,3.9,2022-04-18T00:00:00.000+00:00,
7xkd,ELECTRON MICROSCOPY,2.4,2022-04-19T00:00:00.000+00:00,
7xke,ELECTRON MICROSCOPY,2.9,2022-04-19T00:00:00.000+00:00,
7xkf,ELECTRON MICROSCOPY,2.4,2022-04-19T00:00:00.000+00:00,
7xod,ELECTRON MICROSCOPY,3.27,2022-05-01T00:00:00.000+00:00,
7xou,ELECTRON MICROSCOPY,3.2,2022-05-01T00:00:00.000+00:00,
7xov,ELECTRON MICROSCOPY,3.0,2022-05-01T00:00:00.000+00:00,
7xp4,ELECTRON MICROSCOPY,3.01,2022-05-03T00:00:00.000+00:00,
7xp5,ELECTRON MICROSCOPY,3.08,2022-05-03T00:00:00.000+00:00,
7xp6,ELECTRON MICROSCOPY,3.01,2022-05-03T00:00:00.000+00:00,
7xqv,X-RAY DIFFRACTION,2.76,2022-05-09T00:00:00.000+00:00,
7xt8,ELECTRON MICROSCOPY,3.1,2022-05-16T00:00:00.000+00:00,
7xtb,ELECTRON MICROSCOPY,3.3,2022-05-16T00:00:00.000+00:00,
7xtc,ELECTRON MICROSCOPY,3.2,2022-05-16T00:00:00.000+00:00,
7xtp,X-RAY DIFFRACTION,1.828,2022-05-17T00:00:00.000+00:00,
7xtq,ELECTRON MICROSCOPY,3.2,2022-05-17T00:00:00.000+00:00,
7xv3,ELECTRON MICROSCOPY,2.76,2022-05-20T00:00:00.000+00:00,
7xw5,ELECTRON MICROSCOPY,2.96,2022-05-26T00:00:00.000+00:00,
7xw6,ELECTRON MICROSCOPY,2.78,2022-05-26T00:00:00.000+00:00,
7xy3,ELECTRON MICROSCOPY,4.6,2022-05-31T00:00:00.000+00:00,
7xy4,ELECTRON MICROSCOPY,3.3,2022-05-31T00:00:00.000+00:00,
7xz5,ELECTRON MICROSCOPY,3.1,2022-06-02T00:00:00.000+00:00,
7xz6,ELECTRON MICROSCOPY,2.8,2022-06-02T00:00:00.000+00:00,
7y0n,ELECTRON MICROSCOPY,3.8,2022-06-05T00:00:00.000+00:00,
7y0o,ELECTRON MICROSCOPY,4.4,2022-06-05T00:00:00.000+00:00,
7y35,ELECTRON MICROSCOPY,2.9,2022-06-09T00:00:00.000+00:00,
7y36,ELECTRON MICROSCOPY,2.8,2022-06-10T00:00:00.000+00:00,
7y3g,ELECTRON MICROSCOPY,2.77,2022-06-10T00:00:00.000+00:00,
7y58,ELECTRON MICROSCOPY,3.8,2022-06-16T00:00:00.000+00:00,
7y9t,ELECTRON MICROSCOPY,3.1,2022-06-26T00:00:00.000+00:00,
7y9u,ELECTRON MICROSCOPY,3.3,2022-06-26T00:00:00.000+00:00,
7y9v,ELECTRON MICROSCOPY,3.2,2022-06-26T00:00:00.000+00:00,
7yag,ELECTRON MICROSCOPY,3.1,2022-06-28T00:00:00.000+00:00,
7yah,ELECTRON MICROSCOPY,3.12,2022-06-28T00:00:00.000+00:00,
7yai,ELECTRON MICROSCOPY,3.14,2022-06-28T00:00:00.000+00:00,
7yaj,ELECTRON MICROSCOPY,3.16,2022-06-28T00:00:00.000+00:00,
7ydm,ELECTRON MICROSCOPY,2.89,2022-07-04T00:00:00.000+00:00,
7ydp,ELECTRON MICROSCOPY,3.1,2022-07-04T00:00:00.000+00:00,
7yfc,ELECTRON MICROSCOPY,3.0,2022-07-08T00:00:00.000+00:00,
7yfd,ELECTRON MICROSCOPY,3.1,2022-07-08T00:00:00.000+00:00,
7yit,X-RAY DIFFRACTION,3.3,2022-07-18T00:00:00.000+00:00,
7ym8,ELECTRON MICROSCOPY,2.92,2022-07-27T00:00:00.000+00:00,
7ymh,ELECTRON MICROSCOPY,3.52,2022-07-28T00:00:00.000+00:00,
7ymj,ELECTRON MICROSCOPY,3.35,2022-07-28T00:00:00.000+00:00,
7yp7,ELECTRON MICROSCOPY,3.1,2022-08-02T00:00:00.000+00:00,
7yub,ELECTRON MICROSCOPY,3.22,2022-08-17T00:00:00.000+00:00,
7yud,ELECTRON MICROSCOPY,2.98,2022-08-17T00:00:00.000+00:00,
7yuf,ELECTRON MICROSCOPY,3.29,2022-08-17T00:00:00.000+00:00,
7yzi,ELECTRON MICROSCOPY,3.83,2022-02-20T00:00:00.000+00:00,
7yzk,ELECTRON MICROSCOPY,3.57,2022-02-20T00:00:00.000+00:00,
7z1a,X-RAY DIFFRACTION,2.59,2022-02-24T00:00:00.000+00:00,
7z1b,X-RAY DIFFRACTION,2.3,2022-02-24T00:00:00.000+00:00,
7z1c,X-RAY DIFFRACTION,1.9,2022-02-24T00:00:00.000+00:00,
7z1d,X-RAY DIFFRACTION,1.55,2022-02-24T00:00:00.000+00:00,
7z1e,X-RAY DIFFRACTION,1.59,2022-02-24T00:00:00.000+00:00,
7z1x,X-RAY DIFFRACTION,1.86,2022-02-25T00:00:00.000+00:00,
7z6v,ELECTRON MICROSCOPY,3.1,2022-03-14T00:00:00.000+00:00,
7z7x,ELECTRON MICROSCOPY,3.3,2022-03-16T00:00:00.000+00:00,
7z85,ELECTRON MICROSCOPY,3.1,2022-03-16T00:00:00.000+00:00,
7z86,ELECTRON MICROSCOPY,3.4,2022-03-16T00:00:00.000+00:00,
7z9q,ELECTRON MICROSCOPY,3.6,2022-03-21T00:00:00.000+00:00,
7z9r,ELECTRON MICROSCOPY,4.2,2022-03-21T00:00:00.000+00:00,
7zau,X-RAY DIFFRACTION,2.2,2022-03-22T00:00:00.000+00:00,
7zf4,X-RAY DIFFRACTION,4.18,2022-04-01T00:00:00.000+00:00,
7zfb,X-RAY DIFFRACTION,3.08,2022-04-01T00:00:00.000+00:00,
7zfc,X-RAY DIFFRACTION,3.24,2022-04-01T00:00:00.000+00:00,
7zfe,X-RAY DIFFRACTION,3.25,2022-04-01T00:00:00.000+00:00,
7zg0,X-RAY DIFFRACTION,3.18,2022-04-01T00:00:00.000+00:00,
7zk1,X-RAY DIFFRACTION,2.65,2022-04-12T00:00:00.000+00:00,
7zkz,X-RAY DIFFRACTION,2.329,2022-04-13T00:00:00.000+00:00,
7zlg,ELECTRON MICROSCOPY,2.72,2022-04-15T00:00:00.000+00:00,
7zlh,ELECTRON MICROSCOPY,2.75,2022-04-15T00:00:00.000+00:00,
7zli,ELECTRON MICROSCOPY,2.99,2022-04-15T00:00:00.000+00:00,
7zlj,ELECTRON MICROSCOPY,3.63,2022-04-15T00:00:00.000+00:00,
7zml,X-RAY DIFFRACTION,2.79,2022-04-19T00:00:00.000+00:00,
7zmm,X-RAY DIFFRACTION,2.5,2022-04-19T00:00:00.000+00:00,
7zmn,X-RAY DIFFRACTION,3.2,2022-04-19T00:00:00.000+00:00,
7zmo,X-RAY DIFFRACTION,3.75,2022-04-19T00:00:00.000+00:00,
7zmp,X-RAY DIFFRACTION,3.626,2022-04-19T00:00:00.000+00:00,
7zmq,X-RAY DIFFRACTION,2.7,2022-04-19T00:00:00.000+00:00,
7zmr,X-RAY DIFFRACTION,3.3,2022-04-19T00:00:00.000+00:00,
7zms,X-RAY DIFFRACTION,2.7,2022-04-19T00:00:00.000+00:00,
7zmt,X-RAY DIFFRACTION,2.3,2022-04-19T00:00:00.000+00:00,
7zmv,X-RAY DIFFRACTION,2.002,2022-04-19T00:00:00.000+00:00,
7zox,ELECTRON MICROSCOPY,4.4,2022-04-26T00:00:00.000+00:00,
7zqt,X-RAY DIFFRACTION,2.7,2022-05-03T00:00:00.000+00:00,
7zra,X-RAY DIFFRACTION,2.8,2022-05-04T00:00:00.000+00:00,
7zw1,ELECTRON MICROSCOPY,3.7,2022-05-17T00:00:00.000+00:00,
7zyi,ELECTRON MICROSCOPY,2.88,2022-05-24T00:00:00.000+00:00,
8a67,X-RAY DIFFRACTION,1.86,2022-06-16T00:00:00.000+00:00,
8afe,ELECTRON MICROSCOPY,3.3,2022-07-17T00:00:00.000+00:00,
8afh,ELECTRON MICROSCOPY,3.9,2022-07-18T00:00:00.000+00:00,
8afl,ELECTRON MICROSCOPY,4.4,2022-07-18T00:00:00.000+00:00,
8afm,ELECTRON MICROSCOPY,4.8,2022-07-18T00:00:00.000+00:00,
8ahl,ELECTRON MICROSCOPY,4.1,2022-07-22T00:00:00.000+00:00,
8aia,ELECTRON MICROSCOPY,5.1,2022-07-26T00:00:00.000+00:00,
8aix,ELECTRON MICROSCOPY,5.8,2022-07-27T00:00:00.000+00:00,
8ajb,ELECTRON MICROSCOPY,4.3,2022-07-28T00:00:00.000+00:00,
8aom,X-RAY DIFFRACTION,2.202,2022-08-08T00:00:00.000+00:00,
8b01,ELECTRON MICROSCOPY,3.03,2022-09-06T00:00:00.000+00:00,
8b41,ELECTRON MICROSCOPY,3.8,2022-09-19T00:00:00.000+00:00,
8bb7,X-RAY DIFFRACTION,2.95,2022-10-12T00:00:00.000+00:00,
8be3,X-RAY DIFFRACTION,1.85,2022-10-21T00:00:00.000+00:00,
8be4,X-RAY DIFFRACTION,1.9,2022-10-21T00:00:00.000+00:00,
8be5,X-RAY DIFFRACTION,3.13,2022-10-21T00:00:00.000+00:00,
8bev,ELECTRON MICROSCOPY,5.92,2022-10-21T00:00:00.000+00:00,
8bf4,X-RAY DIFFRACTION,2.15,2022-10-24T00:00:00.000+00:00,
8bvr,ELECTRON MICROSCOPY,3.52,2022-12-05T00:00:00.000+00:00,
8bvs,ELECTRON MICROSCOPY,3.61,2022-12-05T00:00:00.000+00:00,
8bvt,ELECTRON MICROSCOPY,3.94,2022-12-06T00:00:00.000+00:00,
8bzy,ELECTRON MICROSCOPY,3.24,2022-12-15T00:00:00.000+00:00,
8c02,ELECTRON MICROSCOPY,4.09,2022-12-15T00:00:00.000+00:00,
8c3k,X-RAY DIFFRACTION,1.74972472153,2022-12-26T00:00:00.000+00:00,
8c8p,ELECTRON MICROSCOPY,4.1,2023-01-20T00:00:00.000+00:00,
8cd0,ELECTRON MICROSCOPY,2.42,2023-01-29T00:00:00.000+00:00,
8chs,ELECTRON MICROSCOPY,3.15,2023-02-08T00:00:00.000+00:00,
8cii,ELECTRON MICROSCOPY,2.7,2023-02-09T00:00:00.000+00:00,
8cml,ELECTRON MICROSCOPY,3.6,2023-02-20T00:00:00.000+00:00,
8cni,ELECTRON MICROSCOPY,3.35,2023-02-23T00:00:00.000+00:00,
8coe,X-RAY DIFFRACTION,4.2,2023-02-28T00:00:00.000+00:00,
8cwu,X-RAY DIFFRACTION,1.71,2022-05-19T00:00:00.000+00:00,
8cwv,X-RAY DIFFRACTION,2.51,2022-05-19T00:00:00.000+00:00,
8cxn,ELECTRON MICROSCOPY,2.9,2022-05-22T00:00:00.000+00:00,
8cxq,ELECTRON MICROSCOPY,2.3,2022-05-22T00:00:00.000+00:00,
8cxr,X-RAY DIFFRACTION,3.65,2022-05-22T00:00:00.000+00:00,
8cy6,ELECTRON MICROSCOPY,3.2,2022-05-23T00:00:00.000+00:00,
8cy7,ELECTRON MICROSCOPY,2.9,2022-05-23T00:00:00.000+00:00,
8cy9,ELECTRON MICROSCOPY,2.9,2022-05-23T00:00:00.000+00:00,
8cya,ELECTRON MICROSCOPY,2.7,2022-05-23T00:00:00.000+00:00,
8cyb,ELECTRON MICROSCOPY,2.7,2022-05-23T00:00:00.000+00:00,
8cyc,ELECTRON MICROSCOPY,2.9,2022-05-23T00:00:00.000+00:00,
8cyd,ELECTRON MICROSCOPY,2.6,2022-05-23T00:00:00.000+00:00,
8cyj,ELECTRON MICROSCOPY,3.6,2022-05-23T00:00:00.000+00:00,
8dcr,ELECTRON MICROSCOPY,2.6,2022-06-17T00:00:00.000+00:00,
8dcs,ELECTRON MICROSCOPY,2.5,2022-06-17T00:00:00.000+00:00,
8dfl,ELECTRON MICROSCOPY,3.25,2022-06-22T00:00:00.000+00:00,
8di5,ELECTRON MICROSCOPY,3.04,2022-06-28T00:00:00.000+00:00,
8dlx,ELECTRON MICROSCOPY,2.45,2022-07-08T00:00:00.000+00:00,
8dly,ELECTRON MICROSCOPY,3.0,2022-07-08T00:00:00.000+00:00,
8dlz,ELECTRON MICROSCOPY,2.57,2022-07-08T00:00:00.000+00:00,
8dm0,ELECTRON MICROSCOPY,3.21,2022-07-08T00:00:00.000+00:00,
8dp0,ELECTRON MICROSCOPY,2.96,2022-07-14T00:00:00.000+00:00,
8dqu,X-RAY DIFFRACTION,2.45003185971,2022-07-20T00:00:00.000+00:00,
8dt8,ELECTRON MICROSCOPY,3.34,2022-07-25T00:00:00.000+00:00,
8dyp,X-RAY DIFFRACTION,3.4,2022-08-04T00:00:00.000+00:00,
8e0e,X-RAY DIFFRACTION,2.0,2022-08-09T00:00:00.000+00:00,
8e0g,X-RAY DIFFRACTION,2.1,2022-08-09T00:00:00.000+00:00,
8e3x,ELECTRON MICROSCOPY,2.3,2022-08-17T00:00:00.000+00:00,
8e3y,ELECTRON MICROSCOPY,2.3,2022-08-17T00:00:00.000+00:00,
8e3z,ELECTRON MICROSCOPY,2.7,2022-08-17T00:00:00.000+00:00,
8e99,ELECTRON MICROSCOPY,4.24,2022-08-26T00:00:00.000+00:00,
8ee2,X-RAY DIFFRACTION,2.4,2022-09-06T00:00:00.000+00:00,
8eln,X-RAY DIFFRACTION,2.4,2022-09-26T00:00:00.000+00:00,
8elo,X-RAY DIFFRACTION,2.72,2022-09-26T00:00:00.000+00:00,
8elp,X-RAY DIFFRACTION,2.83,2022-09-26T00:00:00.000+00:00,
8elq,X-RAY DIFFRACTION,2.21,2022-09-26T00:00:00.000+00:00,
8en0,X-RAY DIFFRACTION,2.99,2022-09-28T00:00:00.000+00:00,
8en1,X-RAY DIFFRACTION,2.4,2022-09-28T00:00:00.000+00:00,
8en2,X-RAY DIFFRACTION,1.85,2022-09-28T00:00:00.000+00:00,
8en3,X-RAY DIFFRACTION,2.1,2022-09-28T00:00:00.000+00:00,
8en4,X-RAY DIFFRACTION,2.3,2022-09-28T00:00:00.000+00:00,
8en6,X-RAY DIFFRACTION,1.6,2022-09-28T00:00:00.000+00:00,
8eqb,ELECTRON MICROSCOPY,6.5,2022-10-07T00:00:00.000+00:00,
8et0,X-RAY DIFFRACTION,2.15,2022-10-15T00:00:00.000+00:00,
8evd,X-RAY DIFFRACTION,2.0,2022-10-20T00:00:00.000+00:00,
8ew6,X-RAY DIFFRACTION,1.904,2022-10-21T00:00:00.000+00:00,
8eyg,ELECTRON MICROSCOPY,3.73,2022-10-27T00:00:00.000+00:00,
8eyh,ELECTRON MICROSCOPY,3.75,2022-10-27T00:00:00.000+00:00,
8f0j,ELECTRON MICROSCOPY,2.0,2022-11-03T00:00:00.000+00:00,
8f0k,ELECTRON MICROSCOPY,1.9,2022-11-03T00:00:00.000+00:00,
8f2a,ELECTRON MICROSCOPY,2.2,2022-11-07T00:00:00.000+00:00,
8f2b,ELECTRON MICROSCOPY,2.0,2022-11-07T00:00:00.000+00:00,
8f6u,X-RAY DIFFRACTION,1.7,2022-11-17T00:00:00.000+00:00,
8f6v,X-RAY DIFFRACTION,2.3,2022-11-17T00:00:00.000+00:00,
8f76,ELECTRON MICROSCOPY,3.1,2022-11-18T00:00:00.000+00:00,
8flq,ELECTRON MICROSCOPY,2.55,2022-12-22T00:00:00.000+00:00,
8flr,ELECTRON MICROSCOPY,2.94,2022-12-22T00:00:00.000+00:00,
8fls,ELECTRON MICROSCOPY,3.09,2022-12-22T00:00:00.000+00:00,
8flt,ELECTRON MICROSCOPY,3.03,2022-12-22T00:00:00.000+00:00,
8flu,ELECTRON MICROSCOPY,2.76,2022-12-22T00:00:00.000+00:00,
8fu6,ELECTRON MICROSCOPY,2.9,2023-01-16T00:00:00.000+00:00,
8fxs,X-RAY DIFFRACTION,3.15,2023-01-25T00:00:00.000+00:00,
8fxv,X-RAY DIFFRACTION,2.2,2023-01-25T00:00:00.000+00:00,
8g0w,X-RAY DIFFRACTION,2.87,2023-02-01T00:00:00.000+00:00,
8g2y,ELECTRON MICROSCOPY,3.44,2023-02-06T00:00:00.000+00:00,
8g70,ELECTRON MICROSCOPY,3.4,2023-02-16T00:00:00.000+00:00,
8g72,ELECTRON MICROSCOPY,5.6,2023-02-16T00:00:00.000+00:00,
8g73,ELECTRON MICROSCOPY,2.5,2023-02-16T00:00:00.000+00:00,
8g74,ELECTRON MICROSCOPY,2.5,2023-02-16T00:00:00.000+00:00,
8g75,ELECTRON MICROSCOPY,3.4,2023-02-16T00:00:00.000+00:00,
8g77,ELECTRON MICROSCOPY,2.8,2023-02-16T00:00:00.000+00:00,
8g78,ELECTRON MICROSCOPY,3.4,2023-02-16T00:00:00.000+00:00,
8g79,ELECTRON MICROSCOPY,6.1,2023-02-16T00:00:00.000+00:00,
8g7a,ELECTRON MICROSCOPY,3.3,2023-02-16T00:00:00.000+00:00,
8g7b,ELECTRON MICROSCOPY,3.2,2023-02-16T00:00:00.000+00:00,
8g7c,ELECTRON MICROSCOPY,4.1,2023-02-16T00:00:00.000+00:00,
8g8w,ELECTRON MICROSCOPY,3.8,2023-02-20T00:00:00.000+00:00,
8gd9,ELECTRON MICROSCOPY,3.2,2023-03-03T00:00:00.000+00:00,
8gda,ELECTRON MICROSCOPY,3.3,2023-03-03T00:00:00.000+00:00,
8gdb,ELECTRON MICROSCOPY,3.1,2023-03-03T00:00:00.000+00:00,
8gjr,X-RAY DIFFRACTION,1.85,2023-03-16T00:00:00.000+00:00,
8gni,ELECTRON MICROSCOPY,3.74,2022-08-24T00:00:00.000+00:00,
8gnj,ELECTRON MICROSCOPY,3.78,2022-08-24T00:00:00.000+00:00,
8gq5,ELECTRON MICROSCOPY,2.7,2022-08-29T00:00:00.000+00:00,
8gsi,X-RAY DIFFRACTION,2.02,2022-09-06T00:00:00.000+00:00,
8gw8,ELECTRON MICROSCOPY,2.9,2022-09-16T00:00:00.000+00:00,
8gz3,ELECTRON MICROSCOPY,3.3,2022-09-24T00:00:00.000+00:00,
8h3x,X-RAY DIFFRACTION,1.66,2022-10-09T00:00:00.000+00:00,
8h3y,X-RAY DIFFRACTION,2.25,2022-10-09T00:00:00.000+00:00,
8h4i,ELECTRON MICROSCOPY,3.06,2022-10-10T00:00:00.000+00:00,
8h4k,ELECTRON MICROSCOPY,3.1,2022-10-10T00:00:00.000+00:00,
8h4l,ELECTRON MICROSCOPY,3.07,2022-10-10T00:00:00.000+00:00,
8h5t,X-RAY DIFFRACTION,2.0,2022-10-13T00:00:00.000+00:00,
8h5u,X-RAY DIFFRACTION,2.401,2022-10-13T00:00:00.000+00:00,
8h64,X-RAY DIFFRACTION,2.35,2022-10-15T00:00:00.000+00:00,
8h91,X-RAY DIFFRACTION,3.07,2022-10-24T00:00:00.000+00:00,
8ha0,ELECTRON MICROSCOPY,2.62,2022-10-26T00:00:00.000+00:00,
8haf,ELECTRON MICROSCOPY,3.25,2022-10-26T00:00:00.000+00:00,
8hao,ELECTRON MICROSCOPY,3.76,2022-10-26T00:00:00.000+00:00,
8hbg,ELECTRON MICROSCOPY,3.6,2022-10-28T00:00:00.000+00:00,
8hbi,ELECTRON MICROSCOPY,2.9,2022-10-28T00:00:00.000+00:00,
8hbj,ELECTRON MICROSCOPY,2.9,2022-10-28T00:00:00.000+00:00,
8hbv,ELECTRON MICROSCOPY,2.51,2022-10-31T00:00:00.000+00:00,
8hbw,ELECTRON MICROSCOPY,2.57,2022-10-31T00:00:00.000+00:00,
8hdo,ELECTRON MICROSCOPY,2.87,2022-11-05T00:00:00.000+00:00,
8hdp,ELECTRON MICROSCOPY,3.2,2022-11-05T00:00:00.000+00:00,
8heg,ELECTRON MICROSCOPY,3.2,2022-11-08T00:00:00.000+00:00,
8hii,ELECTRON MICROSCOPY,3.57,2022-11-20T00:00:00.000+00:00,
8hij,ELECTRON MICROSCOPY,3.54,2022-11-20T00:00:00.000+00:00,
8hik,ELECTRON MICROSCOPY,3.72,2022-11-20T00:00:00.000+00:00,
8hix,ELECTRON MICROSCOPY,3.12,2022-11-22T00:00:00.000+00:00,
8hj0,ELECTRON MICROSCOPY,3.12,2022-11-22T00:00:00.000+00:00,
8hj1,ELECTRON MICROSCOPY,3.27,2022-11-22T00:00:00.000+00:00,
8hj2,ELECTRON MICROSCOPY,3.8,2022-11-22T00:00:00.000+00:00,
8hj5,ELECTRON MICROSCOPY,3.0,2022-11-22T00:00:00.000+00:00,
8hmp,ELECTRON MICROSCOPY,2.77,2022-12-05T00:00:00.000+00:00,
8hmv,ELECTRON MICROSCOPY,2.91,2022-12-05T00:00:00.000+00:00,
8hn1,ELECTRON MICROSCOPY,2.9,2022-12-06T00:00:00.000+00:00,
8hr2,X-RAY DIFFRACTION,1.94,2022-12-14T00:00:00.000+00:00,
8hti,ELECTRON MICROSCOPY,2.97,2022-12-21T00:00:00.000+00:00,
8i2g,ELECTRON MICROSCOPY,2.8,2023-01-14T00:00:00.000+00:00,
8i4e,ELECTRON MICROSCOPY,3.98,2023-01-19T00:00:00.000+00:00,
8i4f,ELECTRON MICROSCOPY,3.44,2023-01-19T00:00:00.000+00:00,
8i4g,ELECTRON MICROSCOPY,3.68,2023-01-19T00:00:00.000+00:00,
8i4h,ELECTRON MICROSCOPY,3.81,2023-01-19T00:00:00.000+00:00,
8iee,X-RAY DIFFRACTION,3.21,2023-02-15T00:00:00.000+00:00,
8ilx,X-RAY DIFFRACTION,3.29,2023-03-05T00:00:00.000+00:00,
8im0,X-RAY DIFFRACTION,1.31,2023-03-05T00:00:00.000+00:00,
8im1,X-RAY DIFFRACTION,2.05,2023-03-05T00:00:00.000+00:00,
8ioc,ELECTRON MICROSCOPY,2.86,2023-03-10T00:00:00.000+00:00,
8iod,ELECTRON MICROSCOPY,2.59,2023-03-10T00:00:00.000+00:00,
8iq4,ELECTRON MICROSCOPY,2.7,2023-03-15T00:00:00.000+00:00,
8iq6,ELECTRON MICROSCOPY,3.4,2023-03-15T00:00:00.000+00:00,
8irr,ELECTRON MICROSCOPY,3.2,2023-03-19T00:00:00.000+00:00,
8itf,ELECTRON MICROSCOPY,3.46,2023-03-22T00:00:00.000+00:00,
8itl,ELECTRON MICROSCOPY,3.23,2023-03-22T00:00:00.000+00:00,
8itm,ELECTRON MICROSCOPY,3.13,2023-03-22T00:00:00.000+00:00,
8iuk,ELECTRON MICROSCOPY,2.67,2023-03-24T00:00:00.000+00:00,
8ium,ELECTRON MICROSCOPY,3.14,2023-03-24T00:00:00.000+00:00,
8iw9,ELECTRON MICROSCOPY,3.08,2023-03-29T00:00:00.000+00:00,
8izb,ELECTRON MICROSCOPY,3.06,2023-04-06T00:00:00.000+00:00,
8j1n,ELECTRON MICROSCOPY,2.51,2023-04-13T00:00:00.000+00:00,
8j5j,X-RAY DIFFRACTION,3.0,2023-04-23T00:00:00.000+00:00,
8j9n,ELECTRON MICROSCOPY,3.5,2023-05-04T00:00:00.000+00:00,
8j9o,ELECTRON MICROSCOPY,3.4,2023-05-04T00:00:00.000+00:00,
8jh5,ELECTRON MICROSCOPY,3.7,2023-05-22T00:00:00.000+00:00,
8jh7,ELECTRON MICROSCOPY,3.2,2023-05-22T00:00:00.000+00:00,
8jhb,ELECTRON MICROSCOPY,3.3,2023-05-23T00:00:00.000+00:00,
8jhc,ELECTRON MICROSCOPY,3.3,2023-05-23T00:00:00.000+00:00,
8jhi,ELECTRON MICROSCOPY,3.2,2023-05-23T00:00:00.000+00:00,
8jip,ELECTRON MICROSCOPY,2.85,2023-05-27T00:00:00.000+00:00,
8jiq,ELECTRON MICROSCOPY,3.4,2023-05-27T00:00:00.000+00:00,
8jir,ELECTRON MICROSCOPY,2.57,2023-05-27T00:00:00.000+00:00,
8jis,ELECTRON MICROSCOPY,2.46,2023-05-27T00:00:00.000+00:00,
8jit,ELECTRON MICROSCOPY,2.91,2023-05-27T00:00:00.000+00:00,
8jiu,ELECTRON MICROSCOPY,2.76,2023-05-27T00:00:00.000+00:00,
8jlz,ELECTRON MICROSCOPY,3.09,2023-06-04T00:00:00.000+00:00,
8jr9,ELECTRON MICROSCOPY,2.57,2023-06-16T00:00:00.000+00:00,
8jru,ELECTRON MICROSCOPY,3.5,2023-06-17T00:00:00.000+00:00,
8jrv,ELECTRON MICROSCOPY,3.3,2023-06-17T00:00:00.000+00:00,
8jsr,ELECTRON MICROSCOPY,2.9,2023-06-20T00:00:00.000+00:00,
8jtw,ELECTRON MICROSCOPY,3.23,2023-06-22T00:00:00.000+00:00,
8jtx,ELECTRON MICROSCOPY,3.28,2023-06-22T00:00:00.000+00:00,
8jty,ELECTRON MICROSCOPY,3.26,2023-06-22T00:00:00.000+00:00,
8jxr,ELECTRON MICROSCOPY,3.57,2023-07-01T00:00:00.000+00:00,
8jxs,ELECTRON MICROSCOPY,3.0,2023-07-01T00:00:00.000+00:00,
8jys,ELECTRON MICROSCOPY,4.5,2023-07-03T00:00:00.000+00:00,
8k33,X-RAY DIFFRACTION,2.13,2023-07-14T00:00:00.000+00:00,
8k3a,X-RAY DIFFRACTION,2.74,2023-07-14T00:00:00.000+00:00,
8k3k,X-RAY DIFFRACTION,2.43,2023-07-16T00:00:00.000+00:00,
8k3l,X-RAY DIFFRACTION,2.3,2023-07-16T00:00:00.000+00:00,
8k45,ELECTRON MICROSCOPY,3.66,2023-07-17T00:00:00.000+00:00,
8k46,ELECTRON MICROSCOPY,3.37,2023-07-17T00:00:00.000+00:00,
8k47,ELECTRON MICROSCOPY,3.54,2023-07-17T00:00:00.000+00:00,
8k4q,X-RAY DIFFRACTION,2.59,2023-07-20T00:00:00.000+00:00,
8k8j,ELECTRON MICROSCOPY,2.88,2023-07-30T00:00:00.000+00:00,
8kae,ELECTRON MICROSCOPY,3.18,2023-08-03T00:00:00.000+00:00,
8kgk,ELECTRON MICROSCOPY,3.16,2023-08-19T00:00:00.000+00:00,
8kh4,ELECTRON MICROSCOPY,3.1,2023-08-21T00:00:00.000+00:00,
8kh5,ELECTRON MICROSCOPY,2.83,2023-08-21T00:00:00.000+00:00,
8odx,X-RAY DIFFRACTION,4.4,2023-03-09T00:00:00.000+00:00,
8oi2,X-RAY DIFFRACTION,3.3,2023-03-22T00:00:00.000+00:00,
8omu,ELECTRON MICROSCOPY,3.43,2023-03-31T00:00:00.000+00:00,
8opr,X-RAY DIFFRACTION,1.811,2023-04-07T00:00:00.000+00:00,
8oq3,ELECTRON MICROSCOPY,2.9,2023-04-11T00:00:00.000+00:00,
8oud,ELECTRON MICROSCOPY,2.31,2023-04-22T00:00:00.000+00:00,
8owt,X-RAY DIFFRACTION,2.37,2023-04-28T00:00:00.000+00:00,
8owv,X-RAY DIFFRACTION,1.73,2023-04-28T00:00:00.000+00:00,
8oyt,ELECTRON MICROSCOPY,3.8,2023-05-05T00:00:00.000+00:00,
8oyu,ELECTRON MICROSCOPY,4.0,2023-05-05T00:00:00.000+00:00,
8ozb,X-RAY DIFFRACTION,2.09,2023-05-08T00:00:00.000+00:00,
8p7w,ELECTRON MICROSCOPY,3.04,2023-05-31T00:00:00.000+00:00,
8p8a,ELECTRON MICROSCOPY,3.2,2023-05-31T00:00:00.000+00:00,
8p8j,ELECTRON MICROSCOPY,3.49,2023-06-01T00:00:00.000+00:00,
8pih,X-RAY DIFFRACTION,1.76,2023-06-21T00:00:00.000+00:00,
8pkc,X-RAY DIFFRACTION,4.1,2023-06-26T00:00:00.000+00:00,
8pm2,ELECTRON MICROSCOPY,2.92,2023-06-28T00:00:00.000+00:00,
8pnl,X-RAY DIFFRACTION,2.7,2023-06-30T00:00:00.000+00:00,
8pnu,ELECTRON MICROSCOPY,2.12,2023-07-02T00:00:00.000+00:00,
8pnv,ELECTRON MICROSCOPY,2.048,2023-07-02T00:00:00.000+00:00,
8pok,ELECTRON MICROSCOPY,3.4,2023-07-05T00:00:00.000+00:00,
8pyr,X-RAY DIFFRACTION,2.15,2023-07-26T00:00:00.000+00:00,
8q7s,X-RAY DIFFRACTION,2.7,2023-08-16T00:00:00.000+00:00,
8q93,X-RAY DIFFRACTION,3.1,2023-08-19T00:00:00.000+00:00,
8q94,X-RAY DIFFRACTION,2.5,2023-08-19T00:00:00.000+00:00,
8q95,X-RAY DIFFRACTION,1.6,2023-08-19T00:00:00.000+00:00,
8qf3,X-RAY DIFFRACTION,1.25,2023-09-02T00:00:00.000+00:00,
8qf5,X-RAY DIFFRACTION,1.5,2023-09-02T00:00:00.000+00:00,
8qgx,X-RAY DIFFRACTION,2.3,2023-09-06T00:00:00.000+00:00,
8qj2,ELECTRON MICROSCOPY,3.4,2023-09-12T00:00:00.000+00:00,
8qot,ELECTRON MICROSCOPY,3.2,2023-09-29T00:00:00.000+00:00,
8qv5,ELECTRON MICROSCOPY,3.69,2023-10-17T00:00:00.000+00:00,
8qv6,ELECTRON MICROSCOPY,3.68,2023-10-17T00:00:00.000+00:00,
8qw4,ELECTRON MICROSCOPY,2.9,2023-10-18T00:00:00.000+00:00,
8qz1,X-RAY DIFFRACTION,3.588,2023-10-26T00:00:00.000+00:00,
8qz2,X-RAY DIFFRACTION,3.5,2023-10-26T00:00:00.000+00:00,
8qz3,X-RAY DIFFRACTION,2.4,2023-10-26T00:00:00.000+00:00,
8qz4,X-RAY DIFFRACTION,3.2,2023-10-26T00:00:00.000+00:00,
8r4b,ELECTRON MICROSCOPY,3.88,2023-11-13T00:00:00.000+00:00,
8r4c,ELECTRON MICROSCOPY,3.55,2023-11-13T00:00:00.000+00:00,
8r4d,ELECTRON MICROSCOPY,3.88,2023-11-13T00:00:00.000+00:00,
8r61,X-RAY DIFFRACTION,3.1,2023-11-20T00:00:00.000+00:00,
8r80,X-RAY DIFFRACTION,4.03,2023-11-27T00:00:00.000+00:00,
8rby,X-RAY DIFFRACTION,1.9,2023-12-05T00:00:00.000+00:00,
8rcq,X-RAY DIFFRACTION,3.8,2023-12-06T00:00:00.000+00:00,
8rj7,X-RAY DIFFRACTION,2.1,2023-12-20T00:00:00.000+00:00,
8rl7,ELECTRON MICROSCOPY,3.76,2024-01-02T00:00:00.000+00:00,
8rla,ELECTRON MICROSCOPY,3.03,2024-01-02T00:00:00.000+00:00,
8rmk,ELECTRON MICROSCOPY,3.07,2024-01-08T00:00:00.000+00:00,
8rml,ELECTRON MICROSCOPY,3.84,2024-01-08T00:00:00.000+00:00,
8rmm,ELECTRON MICROSCOPY,3.26,2024-01-08T00:00:00.000+00:00,
8rmn,ELECTRON MICROSCOPY,3.8,2024-01-08T00:00:00.000+00:00,
8rqf,ELECTRON MICROSCOPY,3.41,2024-01-18T00:00:00.000+00:00,
8rrs,ELECTRON MICROSCOPY,3.4,2024-01-23T00:00:00.000+00:00,
8rrt,ELECTRON MICROSCOPY,4.6,2024-01-23T00:00:00.000+00:00,
8rru,ELECTRON MICROSCOPY,4.7,2024-01-23T00:00:00.000+00:00,
8rrv,ELECTRON MICROSCOPY,3.2,2024-01-23T00:00:00.000+00:00,
8rrw,ELECTRON MICROSCOPY,4.2,2024-01-23T00:00:00.000+00:00,
8rrx,ELECTRON MICROSCOPY,3.1,2024-01-23T00:00:00.000+00:00,
8rs0,ELECTRON MICROSCOPY,3.3,2024-01-24T00:00:00.000+00:00,
8rtf,X-RAY DIFFRACTION,2.8,2024-01-26T00:00:00.000+00:00,
8rvr,X-RAY DIFFRACTION,3.19,2024-02-02T00:00:00.000+00:00,
8rwf,X-RAY DIFFRACTION,3.11,2024-02-04T00:00:00.000+00:00,
8s0l,X-RAY DIFFRACTION,1.8,2024-02-14T00:00:00.000+00:00,
8s0m,X-RAY DIFFRACTION,3.55,2024-02-14T00:00:00.000+00:00,
8s0n,X-RAY DIFFRACTION,2.3,2024-02-14T00:00:00.000+00:00,
8s2t,ELECTRON MICROSCOPY,3.3,2024-02-19T00:00:00.000+00:00,
8s4u,ELECTRON MICROSCOPY,3.09,2024-02-22T00:00:00.000+00:00,
8s5w,ELECTRON MICROSCOPY,3.05,2024-02-26T00:00:00.000+00:00,
8s5z,ELECTRON MICROSCOPY,3.0,2024-02-26T00:00:00.000+00:00,
8s61,ELECTRON MICROSCOPY,3.53,2024-02-26T00:00:00.000+00:00,
8s62,ELECTRON MICROSCOPY,3.75,2024-02-26T00:00:00.000+00:00,
8sbb,ELECTRON MICROSCOPY,3.59,2023-04-03T00:00:00.000+00:00,
8sk5,X-RAY DIFFRACTION,2.011,2023-04-18T00:00:00.000+00:00,
8smv,ELECTRON MICROSCOPY,2.74,2023-04-26T00:00:00.000+00:00,
8snc,ELECTRON MICROSCOPY,3.2,2023-04-27T00:00:00.000+00:00,
8snd,ELECTRON MICROSCOPY,3.1,2023-04-27T00:00:00.000+00:00,
8sne,ELECTRON MICROSCOPY,3.0,2023-04-27T00:00:00.000+00:00,
8sos,X-RAY DIFFRACTION,2.33,2023-04-29T00:00:00.000+00:00,
8t58,X-RAY DIFFRACTION,2.23,2023-06-12T00:00:00.000+00:00,
8t5c,ELECTRON MICROSCOPY,4.7,2023-06-13T00:00:00.000+00:00,
8t60,ELECTRON MICROSCOPY,3.29,2023-06-14T00:00:00.000+00:00,
8t7h,ELECTRON MICROSCOPY,3.3,2023-06-20T00:00:00.000+00:00,
8t8m,ELECTRON MICROSCOPY,3.0,2023-06-22T00:00:00.000+00:00,
8t9y,X-RAY DIFFRACTION,2.52,2023-06-26T00:00:00.000+00:00,
8tao,ELECTRON MICROSCOPY,2.9,2023-06-27T00:00:00.000+00:00,
8tb7,ELECTRON MICROSCOPY,2.94,2023-06-28T00:00:00.000+00:00,
8th3,ELECTRON MICROSCOPY,3.0,2023-07-13T00:00:00.000+00:00,
8tii,ELECTRON MICROSCOPY,3.0,2023-07-19T00:00:00.000+00:00,
8tng,ELECTRON MICROSCOPY,3.58,2023-08-01T00:00:00.000+00:00,
8tnh,ELECTRON MICROSCOPY,3.32,2023-08-01T00:00:00.000+00:00,
8tni,ELECTRON MICROSCOPY,3.61,2023-08-01T00:00:00.000+00:00,
8tw3,X-RAY DIFFRACTION,2.9,2023-08-19T00:00:00.000+00:00,
8tyw,ELECTRON MICROSCOPY,3.43,2023-08-26T00:00:00.000+00:00,
8tzu,X-RAY DIFFRACTION,2.9,2023-08-27T00:00:00.000+00:00,
8u26,ELECTRON MICROSCOPY,2.5,2023-09-05T00:00:00.000+00:00,
8u3s,X-RAY DIFFRACTION,1.85,2023-09-08T00:00:00.000+00:00,
8u4v,ELECTRON MICROSCOPY,2.99,2023-09-11T00:00:00.000+00:00,
8uhb,ELECTRON MICROSCOPY,3.35,2023-10-08T00:00:00.000+00:00,
8ukv,X-RAY DIFFRACTION,2.94,2023-10-15T00:00:00.000+00:00,
8uo9,ELECTRON MICROSCOPY,3.3,2023-10-19T00:00:00.000+00:00,
8uoa,ELECTRON MICROSCOPY,3.8,2023-10-19T00:00:00.000+00:00,
8uvy,X-RAY DIFFRACTION,2.11,2023-11-05T00:00:00.000+00:00,
8uw2,X-RAY DIFFRACTION,2.2,2023-11-05T00:00:00.000+00:00,
8uw9,X-RAY DIFFRACTION,1.9,2023-11-06T00:00:00.000+00:00,
8uxv,ELECTRON MICROSCOPY,3.2,2023-11-11T00:00:00.000+00:00,
8uxy,ELECTRON MICROSCOPY,3.3,2023-11-11T00:00:00.000+00:00,
8uy0,ELECTRON MICROSCOPY,3.2,2023-11-11T00:00:00.000+00:00,
8uy6,ELECTRON MICROSCOPY,1.9,2023-11-13T00:00:00.000+00:00,
8uyq,ELECTRON MICROSCOPY,3.5,2023-11-13T00:00:00.000+00:00,
8v5a,ELECTRON MICROSCOPY,3.0,2023-11-30T00:00:00.000+00:00,
8v5k,ELECTRON MICROSCOPY,2.6,2023-11-30T00:00:00.000+00:00,
8v62,ELECTRON MICROSCOPY,3.4,2023-12-01T00:00:00.000+00:00,
8vhf,ELECTRON MICROSCOPY,3.51,2024-01-01T00:00:00.000+00:00,
8vyl,X-RAY DIFFRACTION,2.02,2024-02-08T00:00:00.000+00:00,
8w1v,X-RAY DIFFRACTION,3.0,2024-02-19T00:00:00.000+00:00,
8w4f,ELECTRON MICROSCOPY,4.2,2023-08-24T00:00:00.000+00:00,
8w87,ELECTRON MICROSCOPY,2.8,2023-09-01T00:00:00.000+00:00,
8w88,ELECTRON MICROSCOPY,2.6,2023-09-01T00:00:00.000+00:00,
8w89,ELECTRON MICROSCOPY,3.0,2023-09-01T00:00:00.000+00:00,
8w8a,ELECTRON MICROSCOPY,2.8,2023-09-01T00:00:00.000+00:00,
8w8q,ELECTRON MICROSCOPY,2.89,2023-09-04T00:00:00.000+00:00,
8w8w,ELECTRON MICROSCOPY,2.9,2023-09-04T00:00:00.000+00:00,
8w8x,ELECTRON MICROSCOPY,2.9,2023-09-04T00:00:00.000+00:00,
8w8y,ELECTRON MICROSCOPY,2.9,2023-09-04T00:00:00.000+00:00,
8w90,X-RAY DIFFRACTION,1.81,2023-09-04T00:00:00.000+00:00,
8wa3,ELECTRON MICROSCOPY,2.86,2023-09-06T00:00:00.000+00:00,
8wc6,ELECTRON MICROSCOPY,3.2,2023-09-11T00:00:00.000+00:00,
8wcg,X-RAY DIFFRACTION,2.599,2023-09-12T00:00:00.000+00:00,
8wg7,ELECTRON MICROSCOPY,2.54,2023-09-20T00:00:00.000+00:00,
8wg8,ELECTRON MICROSCOPY,2.71,2023-09-20T00:00:00.000+00:00,
8wjx,ELECTRON MICROSCOPY,3.2,2023-09-26T00:00:00.000+00:00,
8wlj,ELECTRON MICROSCOPY,3.6,2023-09-30T00:00:00.000+00:00,
8wnp,ELECTRON MICROSCOPY,3.1,2023-10-06T00:00:00.000+00:00,
8wnu,ELECTRON MICROSCOPY,3.8,2023-10-06T00:00:00.000+00:00,
8wo4,ELECTRON MICROSCOPY,2.8,2023-10-06T00:00:00.000+00:00,
8wst,ELECTRON MICROSCOPY,2.4,2023-10-17T00:00:00.000+00:00,
8ww2,ELECTRON MICROSCOPY,2.79,2023-10-24T00:00:00.000+00:00,
8x79,ELECTRON MICROSCOPY,2.41,2023-11-23T00:00:00.000+00:00,
8x7a,ELECTRON MICROSCOPY,2.56,2023-11-23T00:00:00.000+00:00,
8x7n,X-RAY DIFFRACTION,3.67,2023-11-24T00:00:00.000+00:00,
8xfp,ELECTRON MICROSCOPY,3.21,2023-12-14T00:00:00.000+00:00,
8xfs,ELECTRON MICROSCOPY,3.2,2023-12-14T00:00:00.000+00:00,
8xft,ELECTRON MICROSCOPY,3.24,2023-12-14T00:00:00.000+00:00,
8xgr,ELECTRON MICROSCOPY,3.2,2023-12-15T00:00:00.000+00:00,
8xio,ELECTRON MICROSCOPY,2.65,2023-12-19T00:00:00.000+00:00,
8xip,ELECTRON MICROSCOPY,3.29,2023-12-19T00:00:00.000+00:00,
8xiq,ELECTRON MICROSCOPY,2.71,2023-12-19T00:00:00.000+00:00,
8xir,ELECTRON MICROSCOPY,2.52,2023-12-19T00:00:00.000+00:00,
8xk2,X-RAY DIFFRACTION,3.4,2023-12-22T00:00:00.000+00:00,
8xki,ELECTRON MICROSCOPY,3.2,2023-12-23T00:00:00.000+00:00,
8xld,X-RAY DIFFRACTION,2.1,2023-12-25T00:00:00.000+00:00,
8xof,ELECTRON MICROSCOPY,2.6,2024-01-01T00:00:00.000+00:00,
8xps,ELECTRON MICROSCOPY,3.22,2024-01-04T00:00:00.000+00:00,
8xpy,ELECTRON MICROSCOPY,3.63,2024-01-04T00:00:00.000+00:00,
8xq3,ELECTRON MICROSCOPY,5.87,2024-01-04T00:00:00.000+00:00,
8xqj,ELECTRON MICROSCOPY,2.95,2024-01-05T00:00:00.000+00:00,
8xql,ELECTRON MICROSCOPY,2.99,2024-01-05T00:00:00.000+00:00,
8xqr,ELECTRON MICROSCOPY,3.2,2024-01-05T00:00:00.000+00:00,
8xt9,ELECTRON MICROSCOPY,3.1,2024-01-10T00:00:00.000+00:00,
8xum,ELECTRON MICROSCOPY,2.9,2024-01-13T00:00:00.000+00:00,
8xve,ELECTRON MICROSCOPY,3.0,2024-01-15T00:00:00.000+00:00,
8xvh,ELECTRON MICROSCOPY,3.26,2024-01-15T00:00:00.000+00:00,
8xvi,ELECTRON MICROSCOPY,3.32,2024-01-15T00:00:00.000+00:00,
8xvj,ELECTRON MICROSCOPY,3.26,2024-01-15T00:00:00.000+00:00,
8xvk,ELECTRON MICROSCOPY,3.21,2024-01-15T00:00:00.000+00:00,
8xvl,ELECTRON MICROSCOPY,3.22,2024-01-15T00:00:00.000+00:00,
8y4w,ELECTRON MICROSCOPY,3.16,2024-01-31T00:00:00.000+00:00,
8y4x,ELECTRON MICROSCOPY,3.2,2024-01-31T00:00:00.000+00:00,
8y53,ELECTRON MICROSCOPY,2.93,2024-01-31T00:00:00.000+00:00,
8y69,ELECTRON MICROSCOPY,3.38,2024-02-02T00:00:00.000+00:00,
8y9s,X-RAY DIFFRACTION,2.88,2024-02-07T00:00:00.000+00:00,
8y9t,X-RAY DIFFRACTION,2.4,2024-02-07T00:00:00.000+00:00,
8y9u,X-RAY DIFFRACTION,3.1,2024-02-07T00:00:00.000+00:00,
8y9z,ELECTRON MICROSCOPY,3.41,2024-02-07T00:00:00.000+00:00,
8ya0,ELECTRON MICROSCOPY,2.97,2024-02-07T00:00:00.000+00:00,
8ya2,ELECTRON MICROSCOPY,3.84,2024-02-07T00:00:00.000+00:00,
8yaf,X-RAY DIFFRACTION,3.28,2024-02-09T00:00:00.000+00:00,
8yat,X-RAY DIFFRACTION,3.94,2024-02-10T00:00:00.000+00:00,
8ybl,X-RAY DIFFRACTION,2.33,2024-02-15T00:00:00.000+00:00,
8ybm,X-RAY DIFFRACTION,2.04,2024-02-15T00:00:00.000+00:00,
8ybn,X-RAY DIFFRACTION,2.18,2024-02-15T00:00:00.000+00:00,
8ybo,X-RAY DIFFRACTION,1.59,2024-02-15T00:00:00.000+00:00,
8ybp,X-RAY DIFFRACTION,2.08,2024-02-15T00:00:00.000+00:00,
8yfo,ELECTRON MICROSCOPY,2.71,2024-02-25T00:00:00.000+00:00,
8yg4,ELECTRON MICROSCOPY,2.59,2024-02-26T00:00:00.000+00:00,
8yj5,X-RAY DIFFRACTION,3.66,2024-03-01T00:00:00.000+00:00,
8yj8,X-RAY DIFFRACTION,1.65,2024-03-01T00:00:00.000+00:00,
8ykd,ELECTRON MICROSCOPY,2.9,2024-03-04T00:00:00.000+00:00,
8yn3,ELECTRON MICROSCOPY,2.56,2024-03-10T00:00:00.000+00:00,
8yns,ELECTRON MICROSCOPY,3.33,2024-03-11T00:00:00.000+00:00,
8ynt,ELECTRON MICROSCOPY,3.43,2024-03-11T00:00:00.000+00:00,
8yot,ELECTRON MICROSCOPY,2.48,2024-03-13T00:00:00.000+00:00,
8ysf,X-RAY DIFFRACTION,2.76,2024-03-22T00:00:00.000+00:00,
8ysh,X-RAY DIFFRACTION,1.99,2024-03-23T00:00:00.000+00:00,
8yut,ELECTRON MICROSCOPY,2.7,2024-03-27T00:00:00.000+00:00,
8yw3,ELECTRON MICROSCOPY,2.68,2024-03-29T00:00:00.000+00:00,
8yw4,ELECTRON MICROSCOPY,3.26,2024-03-29T00:00:00.000+00:00,
8yw5,ELECTRON MICROSCOPY,2.84,2024-03-29T00:00:00.000+00:00,
8yw6,ELECTRON MICROSCOPY,3.18,2024-03-29T00:00:00.000+00:00,
8yw8,ELECTRON MICROSCOPY,3.17,2024-03-30T00:00:00.000+00:00,
8yw9,ELECTRON MICROSCOPY,3.01,2024-03-30T00:00:00.000+00:00,
8ywf,ELECTRON MICROSCOPY,2.74,2024-03-31T00:00:00.000+00:00,
8yy8,ELECTRON MICROSCOPY,3.22,2024-04-03T00:00:00.000+00:00,
8z74,ELECTRON MICROSCOPY,3.01,2024-04-19T00:00:00.000+00:00,
8z7j,ELECTRON MICROSCOPY,3.12,2024-04-20T00:00:00.000+00:00,
8z8l,X-RAY DIFFRACTION,3.96,2024-04-22T00:00:00.000+00:00,
8z8m,X-RAY DIFFRACTION,2.59,2024-04-22T00:00:00.000+00:00,
8z8v,X-RAY DIFFRACTION,2.05,2024-04-22T00:00:00.000+00:00,
8z9o,ELECTRON MICROSCOPY,2.4,2024-04-23T00:00:00.000+00:00,
8zbb,ELECTRON MICROSCOPY,3.11,2024-04-26T00:00:00.000+00:00,
8zce,ELECTRON MICROSCOPY,3.1,2024-04-29T00:00:00.000+00:00,
8zcf,ELECTRON MICROSCOPY,2.9,2024-04-29T00:00:00.000+00:00,
8zer,X-RAY DIFFRACTION,3.1,2024-05-06T00:00:00.000+00:00,
8zes,X-RAY DIFFRACTION,3.7,2024-05-06T00:00:00.000+00:00,
8zf9,ELECTRON MICROSCOPY,2.56,2024-05-07T00:00:00.000+00:00,
8zh8,ELECTRON MICROSCOPY,3.19,2024-05-10T00:00:00.000+00:00,
8zoy,ELECTRON MICROSCOPY,2.5,2024-05-29T00:00:00.000+00:00,
8zp1,ELECTRON MICROSCOPY,2.5,2024-05-29T00:00:00.000+00:00,
8zp2,ELECTRON MICROSCOPY,2.4,2024-05-29T00:00:00.000+00:00,
8zpb,ELECTRON MICROSCOPY,2.6,2024-05-29T00:00:00.000+00:00,
8zr5,ELECTRON MICROSCOPY,3.31,2024-06-04T00:00:00.000+00:00,
8zrd,X-RAY DIFFRACTION,2.715,2024-06-04T00:00:00.000+00:00,
8zrk,ELECTRON MICROSCOPY,2.82,2024-06-04T00:00:00.000+00:00,
8zsj,ELECTRON MICROSCOPY,2.8,2024-06-05T00:00:00.000+00:00,
8zsp,ELECTRON MICROSCOPY,3.14,2024-06-05T00:00:00.000+00:00,
8zss,ELECTRON MICROSCOPY,3.07,2024-06-05T00:00:00.000+00:00,
8zsv,ELECTRON MICROSCOPY,2.96,2024-06-05T00:00:00.000+00:00,
8zvz,ELECTRON MICROSCOPY,2.35,2024-06-12T00:00:00.000+00:00,
8zw0,ELECTRON MICROSCOPY,2.72,2024-06-12T00:00:00.000+00:00,
9ato,ELECTRON MICROSCOPY,3.2,2024-02-27T00:00:00.000+00:00,
9atp,ELECTRON MICROSCOPY,3.5,2024-02-27T00:00:00.000+00:00,
9atr,ELECTRON MICROSCOPY,3.7,2024-02-27T00:00:00.000+00:00,
9au0,ELECTRON MICROSCOPY,2.45,2024-02-27T00:00:00.000+00:00,
9auc,ELECTRON MICROSCOPY,2.4,2024-02-28T00:00:00.000+00:00,
9axf,ELECTRON MICROSCOPY,3.5,2024-03-06T00:00:00.000+00:00,
9axw,X-RAY DIFFRACTION,3.3,2024-03-06T00:00:00.000+00:00,
9b2c,ELECTRON MICROSCOPY,3.0,2024-03-14T00:00:00.000+00:00,
9b70,ELECTRON MICROSCOPY,2.88,2024-03-26T00:00:00.000+00:00,
9b71,ELECTRON MICROSCOPY,2.7,2024-03-26T00:00:00.000+00:00,
9b9e,ELECTRON MICROSCOPY,3.66,2024-04-01T00:00:00.000+00:00,
9b9y,ELECTRON MICROSCOPY,3.5,2024-04-03T00:00:00.000+00:00,
9b9z,ELECTRON MICROSCOPY,3.3,2024-04-03T00:00:00.000+00:00,
9ba0,ELECTRON MICROSCOPY,3.13,2024-04-03T00:00:00.000+00:00,
9bde,ELECTRON MICROSCOPY,4.18,2024-04-11T00:00:00.000+00:00,
9bdt,ELECTRON MICROSCOPY,5.4,2024-04-12T00:00:00.000+00:00,
9bei,ELECTRON MICROSCOPY,4.16,2024-04-15T00:00:00.000+00:00,
9bhl,ELECTRON MICROSCOPY,2.8,2024-04-21T00:00:00.000+00:00,
9bhm,ELECTRON MICROSCOPY,2.9,2024-04-21T00:00:00.000+00:00,
9bi6,ELECTRON MICROSCOPY,2.9,2024-04-22T00:00:00.000+00:00,
9bia,ELECTRON MICROSCOPY,3.0,2024-04-23T00:00:00.000+00:00,
9bip,ELECTRON MICROSCOPY,2.8,2024-04-24T00:00:00.000+00:00,
9bir,ELECTRON MICROSCOPY,3.1,2024-04-24T00:00:00.000+00:00,
9bis,ELECTRON MICROSCOPY,3.2,2024-04-24T00:00:00.000+00:00,
9bit,ELECTRON MICROSCOPY,3.1,2024-04-24T00:00:00.000+00:00,
9biu,ELECTRON MICROSCOPY,2.9,2024-04-24T00:00:00.000+00:00,
9bjk,ELECTRON MICROSCOPY,3.26,2024-04-25T00:00:00.000+00:00,
9blb,ELECTRON MICROSCOPY,3.2,2024-04-30T00:00:00.000+00:00,
9blc,ELECTRON MICROSCOPY,3.3,2024-04-30T00:00:00.000+00:00,
9blw,ELECTRON MICROSCOPY,3.2,2024-05-01T00:00:00.000+00:00,
9bp3,ELECTRON MICROSCOPY,2.2,2024-05-06T00:00:00.000+00:00,
9bq3,ELECTRON MICROSCOPY,2.8,2024-05-08T00:00:00.000+00:00,
9bsu,ELECTRON MICROSCOPY,3.36,2024-05-13T00:00:00.000+00:00,
9btw,ELECTRON MICROSCOPY,3.0,2024-05-15T00:00:00.000+00:00,
9bub,ELECTRON MICROSCOPY,2.3,2024-05-16T00:00:00.000+00:00,
9buc,ELECTRON MICROSCOPY,3.4,2024-05-16T00:00:00.000+00:00,
9bud,ELECTRON MICROSCOPY,2.5,2024-05-16T00:00:00.000+00:00,
9bue,ELECTRON MICROSCOPY,3.6,2024-05-16T00:00:00.000+00:00,
9byo,ELECTRON MICROSCOPY,2.31,2024-05-24T00:00:00.000+00:00,
9c0k,ELECTRON MICROSCOPY,2.72,2024-05-25T00:00:00.000+00:00,
9cmi,ELECTRON MICROSCOPY,2.83,2024-07-15T00:00:00.000+00:00,
9co6,ELECTRON MICROSCOPY,3.01,2024-07-16T00:00:00.000+00:00,
9co7,ELECTRON MICROSCOPY,3.32,2024-07-16T00:00:00.000+00:00,
9co8,ELECTRON MICROSCOPY,2.99,2024-07-16T00:00:00.000+00:00,
9co9,ELECTRON MICROSCOPY,3.44,2024-07-16T00:00:00.000+00:00,
9con,ELECTRON MICROSCOPY,3.06,2024-07-17T00:00:00.000+00:00,
9coo,ELECTRON MICROSCOPY,3.73,2024-07-17T00:00:00.000+00:00,
9cty,ELECTRON MICROSCOPY,3.03,2024-07-25T00:00:00.000+00:00,
9cy1,ELECTRON MICROSCOPY,3.15,2024-08-01T00:00:00.000+00:00,
9cy3,ELECTRON MICROSCOPY,3.2,2024-08-01T00:00:00.000+00:00,
9cy4,ELECTRON MICROSCOPY,3.41,2024-08-01T00:00:00.000+00:00,
9d3e,ELECTRON MICROSCOPY,3.02,2024-08-09T00:00:00.000+00:00,
9d3g,ELECTRON MICROSCOPY,3.26,2024-08-10T00:00:00.000+00:00,
9dc3,ELECTRON MICROSCOPY,2.31,2024-08-25T00:00:00.000+00:00,
9det,ELECTRON MICROSCOPY,3.0,2024-08-29T00:00:00.000+00:00,
9dpe,ELECTRON MICROSCOPY,3.86,2024-09-21T00:00:00.000+00:00,
9dvq,ELECTRON MICROSCOPY,2.7,2024-10-08T00:00:00.000+00:00,
9dvr,ELECTRON MICROSCOPY,2.7,2024-10-08T00:00:00.000+00:00,
9e2a,ELECTRON MICROSCOPY,3.3,2024-10-22T00:00:00.000+00:00,
9e76,ELECTRON MICROSCOPY,3.4,2024-10-31T00:00:00.000+00:00,
9e7k,X-RAY DIFFRACTION,2.41,2024-11-01T00:00:00.000+00:00,
9e7l,ELECTRON MICROSCOPY,3.33,2024-11-02T00:00:00.000+00:00,
9e7n,X-RAY DIFFRACTION,2.49,2024-11-03T00:00:00.000+00:00,
9e9s,ELECTRON MICROSCOPY,2.68,2024-11-08T00:00:00.000+00:00,
9ea9,X-RAY DIFFRACTION,2.93,2024-11-10T00:00:00.000+00:00,
9eaj,ELECTRON MICROSCOPY,3.2,2024-11-11T00:00:00.000+00:00,
9eb9,ELECTRON MICROSCOPY,3.0,2024-11-12T00:00:00.000+00:00,
9eba,ELECTRON MICROSCOPY,3.1,2024-11-12T00:00:00.000+00:00,
9ebi,ELECTRON MICROSCOPY,3.6,2024-11-12T00:00:00.000+00:00,
9ebn,ELECTRON MICROSCOPY,3.44,2024-11-12T00:00:00.000+00:00,
9ebo,ELECTRON MICROSCOPY,3.13,2024-11-12T00:00:00.000+00:00,
9ebq,ELECTRON MICROSCOPY,3.16,2024-11-12T00:00:00.000+00:00,
9ee5,ELECTRON MICROSCOPY,2.89,2024-11-18T00:00:00.000+00:00,
9ee8,ELECTRON MICROSCOPY,2.63,2024-11-18T00:00:00.000+00:00,
9ee9,ELECTRON MICROSCOPY,3.16,2024-11-18T00:00:00.000+00:00,
9eea,ELECTRON MICROSCOPY,3.36,2024-11-18T00:00:00.000+00:00,
9ehs,ELECTRON MICROSCOPY,3.2,2024-11-24T00:00:00.000+00:00,
9ei0,ELECTRON MICROSCOPY,2.91,2024-11-25T00:00:00.000+00:00,
9ei5,ELECTRON MICROSCOPY,2.84,2024-11-25T00:00:00.000+00:00,
9ejz,ELECTRON MICROSCOPY,2.06,2024-11-30T00:00:00.000+00:00,
9ekh,ELECTRON MICROSCOPY,2.89,2024-12-02T00:00:00.000+00:00,
9emy,X-RAY DIFFRACTION,2.814,2024-03-11T00:00:00.000+00:00,
9eot,ELECTRON MICROSCOPY,3.02,2024-03-15T00:00:00.000+00:00,
9ert,X-RAY DIFFRACTION,2.75,2024-03-25T00:00:00.000+00:00,
9eru,X-RAY DIFFRACTION,2.5,2024-03-25T00:00:00.000+00:00,
9erw,X-RAY DIFFRACTION,1.73,2024-03-25T00:00:00.000+00:00,
9etl,X-RAY DIFFRACTION,1.5,2024-03-26T00:00:00.000+00:00,
9ew2,ELECTRON MICROSCOPY,3.2,2024-04-03T00:00:00.000+00:00,
9eyd,ELECTRON MICROSCOPY,3.68,2024-04-09T00:00:00.000+00:00,
9ezi,X-RAY DIFFRACTION,1.97,2024-04-12T00:00:00.000+00:00,
9ezu,X-RAY DIFFRACTION,1.05,2024-04-14T00:00:00.000+00:00,
9ezw,X-RAY DIFFRACTION,1.9,2024-04-14T00:00:00.000+00:00,
9f6o,ELECTRON MICROSCOPY,3.9,2024-05-02T00:00:00.000+00:00,
9faj,ELECTRON MICROSCOPY,2.6,2024-05-10T00:00:00.000+00:00,
9fak,ELECTRON MICROSCOPY,2.6,2024-05-10T00:00:00.000+00:00,
9fam,ELECTRON MICROSCOPY,3.5,2024-05-10T00:00:00.000+00:00,
9fap,ELECTRON MICROSCOPY,2.8,2024-05-10T00:00:00.000+00:00,
9faq,ELECTRON MICROSCOPY,2.9,2024-05-10T00:00:00.000+00:00,
9fat,ELECTRON MICROSCOPY,3.6,2024-05-10T00:00:00.000+00:00,
9ffv,ELECTRON MICROSCOPY,2.8,2024-05-23T00:00:00.000+00:00,
9ffw,ELECTRON MICROSCOPY,3.4,2024-05-23T00:00:00.000+00:00,
9ffx,ELECTRON MICROSCOPY,3.6,2024-05-23T00:00:00.000+00:00,
9ffy,ELECTRON MICROSCOPY,3.1,2024-05-23T00:00:00.000+00:00,
9ffz,ELECTRON MICROSCOPY,3.3,2024-05-23T00:00:00.000+00:00,
9fg0,ELECTRON MICROSCOPY,3.6,2024-05-23T00:00:00.000+00:00,
9fg1,ELECTRON MICROSCOPY,3.1,2024-05-23T00:00:00.000+00:00,
9fg2,ELECTRON MICROSCOPY,3.0,2024-05-23T00:00:00.000+00:00,
9fg3,ELECTRON MICROSCOPY,3.1,2024-05-23T00:00:00.000+00:00,
9fga,ELECTRON MICROSCOPY,3.3,2024-05-23T00:00:00.000+00:00,
9fgb,ELECTRON MICROSCOPY,3.8,2024-05-23T00:00:00.000+00:00,
9fgc,ELECTRON MICROSCOPY,3.4,2024-05-23T00:00:00.000+00:00,
9fgd,ELECTRON MICROSCOPY,3.3,2024-05-23T00:00:00.000+00:00,
9fgg,ELECTRON MICROSCOPY,2.6,2024-05-23T00:00:00.000+00:00,
9fgh,ELECTRON MICROSCOPY,3.0,2024-05-23T00:00:00.000+00:00,
9fjf,ELECTRON MICROSCOPY,3.7,2024-05-31T00:00:00.000+00:00,
9fkn,ELECTRON MICROSCOPY,3.4,2024-06-03T00:00:00.000+00:00,
9fm1,ELECTRON MICROSCOPY,2.93,2024-06-05T00:00:00.000+00:00,
9fm2,ELECTRON MICROSCOPY,3.6,2024-06-05T00:00:00.000+00:00,
9fot,ELECTRON MICROSCOPY,3.0,2024-06-12T00:00:00.000+00:00,
9fr3,ELECTRON MICROSCOPY,3.3,2024-06-18T00:00:00.000+00:00,
9fr4,ELECTRON MICROSCOPY,3.1,2024-06-18T00:00:00.000+00:00,
9fte,ELECTRON MICROSCOPY,3.82,2024-06-24T00:00:00.000+00:00,
9fvb,X-RAY DIFFRACTION,2.05,2024-06-26T00:00:00.000+00:00,
9fvc,X-RAY DIFFRACTION,2.64,2024-06-26T00:00:00.000+00:00,
9fve,X-RAY DIFFRACTION,2.81,2024-06-26T00:00:00.000+00:00,
9fww,X-RAY DIFFRACTION,1.844,2024-07-01T00:00:00.000+00:00,
9fxt,X-RAY DIFFRACTION,2.3,2024-07-02T00:00:00.000+00:00,
9fy8,X-RAY DIFFRACTION,2.62,2024-07-03T00:00:00.000+00:00,
9fyq,ELECTRON MICROSCOPY,3.25,2024-07-03T00:00:00.000+00:00,
9fyr,ELECTRON MICROSCOPY,3.6,2024-07-03T00:00:00.000+00:00,
9fzc,X-RAY DIFFRACTION,2.27,2024-07-05T00:00:00.000+00:00,
9fzd,X-RAY DIFFRACTION,2.3,2024-07-05T00:00:00.000+00:00,
9fzq,ELECTRON MICROSCOPY,3.03,2024-07-05T00:00:00.000+00:00,
9g1y,X-RAY DIFFRACTION,2.69655353284,2024-07-10T00:00:00.000+00:00,
9g2g,X-RAY DIFFRACTION,1.80048236056,2024-07-10T00:00:00.000+00:00,
9g3d,ELECTRON MICROSCOPY,3.24,2024-07-12T00:00:00.000+00:00,
9g3e,ELECTRON MICROSCOPY,3.14,2024-07-12T00:00:00.000+00:00,
9g48,X-RAY DIFFRACTION,2.14353600683,2024-07-15T00:00:00.000+00:00,
9g4g,X-RAY DIFFRACTION,2.89572919242,2024-07-15T00:00:00.000+00:00,
9g5k,ELECTRON MICROSCOPY,2.87,2024-07-17T00:00:00.000+00:00,
9g5l,X-RAY DIFFRACTION,1.82220379062,2024-07-17T00:00:00.000+00:00,
9g5z,X-RAY DIFFRACTION,3.4290937208,2024-07-17T00:00:00.000+00:00,
9g6v,ELECTRON MICROSCOPY,2.9,2024-07-19T00:00:00.000+00:00,
9g6x,ELECTRON MICROSCOPY,3.7,2024-07-19T00:00:00.000+00:00,
9g95,X-RAY DIFFRACTION,2.8,2024-07-24T00:00:00.000+00:00,
9g97,X-RAY DIFFRACTION,2.31,2024-07-24T00:00:00.000+00:00,
9g9m,X-RAY DIFFRACTION,2.55,2024-07-25T00:00:00.000+00:00,
9g9n,X-RAY DIFFRACTION,2.8,2024-07-25T00:00:00.000+00:00,
9g9o,X-RAY DIFFRACTION,2.69,2024-07-25T00:00:00.000+00:00,
9g9p,X-RAY DIFFRACTION,2.8,2024-07-25T00:00:00.000+00:00,
9gcn,X-RAY DIFFRACTION,3.0,2024-08-02T00:00:00.000+00:00,
9gf8,ELECTRON MICROSCOPY,3.5,2024-08-08T00:00:00.000+00:00,
9giv,ELECTRON MICROSCOPY,3.65,2024-08-19T00:00:00.000+00:00,
9giw,ELECTRON MICROSCOPY,3.92,2024-08-19T00:00:00.000+00:00,
9gix,ELECTRON MICROSCOPY,3.65,2024-08-19T00:00:00.000+00:00,
9giy,ELECTRON MICROSCOPY,3.79,2024-08-19T00:00:00.000+00:00,
9glz,X-RAY DIFFRACTION,2.1,2024-08-28T00:00:00.000+00:00,
9goe,ELECTRON MICROSCOPY,3.28,2024-09-05T00:00:00.000+00:00,
9gv3,X-RAY DIFFRACTION,1.751,2024-09-21T00:00:00.000+00:00,
9gyo,ELECTRON MICROSCOPY,2.5,2024-10-02T00:00:00.000+00:00,
9h1f,X-RAY DIFFRACTION,1.8,2024-10-09T00:00:00.000+00:00,
9h76,ELECTRON MICROSCOPY,2.9,2024-10-26T00:00:00.000+00:00,
9h77,X-RAY DIFFRACTION,2.01,2024-10-26T00:00:00.000+00:00,
9hap,ELECTRON MICROSCOPY,2.5,2024-11-04T00:00:00.000+00:00,
9hb3,ELECTRON MICROSCOPY,2.5,2024-11-05T00:00:00.000+00:00,
9hbp,ELECTRON MICROSCOPY,4.3,2024-11-07T00:00:00.000+00:00,
9heo,ELECTRON MICROSCOPY,3.4,2024-11-14T00:00:00.000+00:00,
9heq,ELECTRON MICROSCOPY,3.6,2024-11-14T00:00:00.000+00:00,
9hjd,ELECTRON MICROSCOPY,3.35,2024-11-28T00:00:00.000+00:00,
9hll,X-RAY DIFFRACTION,2.17,2024-12-05T00:00:00.000+00:00,
9hls,X-RAY DIFFRACTION,3.2,2024-12-05T00:00:00.000+00:00,
9hlw,ELECTRON MICROSCOPY,2.66,2024-12-05T00:00:00.000+00:00,
9hml,X-RAY DIFFRACTION,2.171,2024-12-09T00:00:00.000+00:00,
9hng,X-RAY DIFFRACTION,2.5,2024-12-10T00:00:00.000+00:00,
9ho4,X-RAY DIFFRACTION,1.76,2024-12-11T00:00:00.000+00:00,
9ho5,X-RAY DIFFRACTION,1.5,2024-12-11T00:00:00.000+00:00,
9ho6,X-RAY DIFFRACTION,2.0,2024-12-11T00:00:00.000+00:00,
9hpa,X-RAY DIFFRACTION,3.1,2024-12-12T00:00:00.000+00:00,
9hvk,ELECTRON MICROSCOPY,3.0,2024-12-29T00:00:00.000+00:00,
9i3p,ELECTRON MICROSCOPY,3.3,2025-01-23T00:00:00.000+00:00,
9i5e,ELECTRON MICROSCOPY,3.77,2025-01-28T00:00:00.000+00:00,
9iar,ELECTRON MICROSCOPY,3.2,2025-02-11T00:00:00.000+00:00,
9iaz,ELECTRON MICROSCOPY,3.2,2025-02-11T00:00:00.000+00:00,
9ijd,ELECTRON MICROSCOPY,2.76,2024-06-22T00:00:00.000+00:00,
9ije,ELECTRON MICROSCOPY,2.34,2024-06-22T00:00:00.000+00:00,
9imx,X-RAY DIFFRACTION,2.2,2024-07-04T00:00:00.000+00:00,
9isf,X-RAY DIFFRACTION,3.72,2024-07-17T00:00:00.000+00:00,
9itb,ELECTRON MICROSCOPY,2.89,2024-07-19T00:00:00.000+00:00,
9ivg,ELECTRON MICROSCOPY,3.0,2024-07-23T00:00:00.000+00:00,
9ivm,ELECTRON MICROSCOPY,3.22,2024-07-24T00:00:00.000+00:00,
9ixj,ELECTRON MICROSCOPY,2.92,2024-07-28T00:00:00.000+00:00,
9iya,ELECTRON MICROSCOPY,3.04,2024-07-30T00:00:00.000+00:00,
9j1p,ELECTRON MICROSCOPY,2.99,2024-08-05T00:00:00.000+00:00,
9j3j,ELECTRON MICROSCOPY,2.83,2024-08-08T00:00:00.000+00:00,
9j3l,ELECTRON MICROSCOPY,2.72,2024-08-08T00:00:00.000+00:00,
9j3m,ELECTRON MICROSCOPY,2.77,2024-08-08T00:00:00.000+00:00,
9j3n,ELECTRON MICROSCOPY,2.72,2024-08-08T00:00:00.000+00:00,
9j3o,ELECTRON MICROSCOPY,2.9,2024-08-08T00:00:00.000+00:00,
9j7y,X-RAY DIFFRACTION,2.59,2024-08-20T00:00:00.000+00:00,
9j9z,ELECTRON MICROSCOPY,2.97,2024-08-23T00:00:00.000+00:00,
9jcl,ELECTRON MICROSCOPY,2.76,2024-08-29T00:00:00.000+00:00,
9jco,ELECTRON MICROSCOPY,2.36,2024-08-30T00:00:00.000+00:00,
9jcp,ELECTRON MICROSCOPY,2.55,2024-08-30T00:00:00.000+00:00,
9jcq,ELECTRON MICROSCOPY,2.59,2024-08-30T00:00:00.000+00:00,
9jec,ELECTRON MICROSCOPY,3.1,2024-09-03T00:00:00.000+00:00,
9jfk,ELECTRON MICROSCOPY,3.23,2024-09-04T00:00:00.000+00:00,
9jft,ELECTRON MICROSCOPY,3.27,2024-09-05T00:00:00.000+00:00,
9jfu,ELECTRON MICROSCOPY,3.23,2024-09-05T00:00:00.000+00:00,
9jfw,ELECTRON MICROSCOPY,3.13,2024-09-05T00:00:00.000+00:00,
9jfx,ELECTRON MICROSCOPY,2.87,2024-09-05T00:00:00.000+00:00,
9jfz,ELECTRON MICROSCOPY,2.9,2024-09-05T00:00:00.000+00:00,
9jg0,ELECTRON MICROSCOPY,2.91,2024-09-05T00:00:00.000+00:00,
9jh5,ELECTRON MICROSCOPY,2.76,2024-09-09T00:00:00.000+00:00,
9jh6,ELECTRON MICROSCOPY,2.89,2024-09-09T00:00:00.000+00:00,
9jkq,ELECTRON MICROSCOPY,2.66,2024-09-16T00:00:00.000+00:00,
9jo7,ELECTRON MICROSCOPY,3.68,2024-09-24T00:00:00.000+00:00,
9jo9,ELECTRON MICROSCOPY,3.65,2024-09-24T00:00:00.000+00:00,
9jqt,ELECTRON MICROSCOPY,2.7,2024-09-28T00:00:00.000+00:00,
9jro,ELECTRON MICROSCOPY,3.5,2024-09-29T00:00:00.000+00:00,
9jrt,ELECTRON MICROSCOPY,3.28,2024-09-29T00:00:00.000+00:00,
9k07,ELECTRON MICROSCOPY,2.83,2024-10-15T00:00:00.000+00:00,
9k0k,ELECTRON MICROSCOPY,3.14,2024-10-15T00:00:00.000+00:00,
9k0x,ELECTRON MICROSCOPY,2.83,2024-10-16T00:00:00.000+00:00,
9k25,ELECTRON MICROSCOPY,3.31,2024-10-17T00:00:00.000+00:00,
9k3k,ELECTRON MICROSCOPY,3.12,2024-10-19T00:00:00.000+00:00,
9k3l,ELECTRON MICROSCOPY,3.01,2024-10-19T00:00:00.000+00:00,
9k3p,ELECTRON MICROSCOPY,2.98,2024-10-19T00:00:00.000+00:00,
9k94,ELECTRON MICROSCOPY,4.04,2024-10-25T00:00:00.000+00:00,
9kdb,ELECTRON MICROSCOPY,2.67,2024-11-03T00:00:00.000+00:00,
9kdc,ELECTRON MICROSCOPY,3.01,2024-11-03T00:00:00.000+00:00,
9kgk,ELECTRON MICROSCOPY,2.63,2024-11-08T00:00:00.000+00:00,
9khh,ELECTRON MICROSCOPY,3.65,2024-11-10T00:00:00.000+00:00,
9kmp,ELECTRON MICROSCOPY,4.1,2024-11-16T00:00:00.000+00:00,
9kms,ELECTRON MICROSCOPY,4.2,2024-11-17T00:00:00.000+00:00,
9knw,ELECTRON MICROSCOPY,3.41,2024-11-19T00:00:00.000+00:00,
9knx,ELECTRON MICROSCOPY,3.72,2024-11-19T00:00:00.000+00:00,
9kny,ELECTRON MICROSCOPY,3.4,2024-11-19T00:00:00.000+00:00,
9kpd,ELECTRON MICROSCOPY,2.84,2024-11-22T00:00:00.000+00:00,
9l74,ELECTRON MICROSCOPY,3.73,2024-12-25T00:00:00.000+00:00,
9l79,ELECTRON MICROSCOPY,2.98,2024-12-26T00:00:00.000+00:00,
9l80,ELECTRON MICROSCOPY,3.33,2024-12-27T00:00:00.000+00:00,
9l84,ELECTRON MICROSCOPY,3.22,2024-12-27T00:00:00.000+00:00,
9l9o,ELECTRON MICROSCOPY,2.98,2024-12-30T00:00:00.000+00:00,
9lfa,ELECTRON MICROSCOPY,3.5,2025-01-08T00:00:00.000+00:00,
9lfc,ELECTRON MICROSCOPY,3.6,2025-01-08T00:00:00.000+00:00,
9lfd,ELECTRON MICROSCOPY,3.6,2025-01-08T00:00:00.000+00:00,
9lgm,ELECTRON MICROSCOPY,2.84,2025-01-10T00:00:00.000+00:00,
9lh2,X-RAY DIFFRACTION,2.3,2025-01-11T00:00:00.000+00:00,
9ljj,ELECTRON MICROSCOPY,3.23,2025-01-15T00:00:00.000+00:00,
9lle,ELECTRON MICROSCOPY,2.9,2025-01-17T00:00:00.000+00:00,
9llf,ELECTRON MICROSCOPY,2.64,2025-01-17T00:00:00.000+00:00,
9llh,ELECTRON MICROSCOPY,2.73,2025-01-17T00:00:00.000+00:00,
9llj,ELECTRON MICROSCOPY,2.61,2025-01-17T00:00:00.000+00:00,
9lm5,ELECTRON MICROSCOPY,2.77,2025-01-18T00:00:00.000+00:00,
9lm6,ELECTRON MICROSCOPY,3.26,2025-01-18T00:00:00.000+00:00,
9lmo,ELECTRON MICROSCOPY,3.2,2025-01-19T00:00:00.000+00:00,
9lqi,X-RAY DIFFRACTION,2.95,2025-01-28T00:00:00.000+00:00,
9lqw,ELECTRON MICROSCOPY,2.7,2025-01-28T00:00:00.000+00:00,
9lqx,ELECTRON MICROSCOPY,2.7,2025-01-28T00:00:00.000+00:00,
9lr1,ELECTRON MICROSCOPY,2.5,2025-01-28T00:00:00.000+00:00,
9lr2,ELECTRON MICROSCOPY,3.1,2025-01-28T00:00:00.000+00:00,
9lrb,ELECTRON MICROSCOPY,2.77,2025-01-30T00:00:00.000+00:00,
9lvb,ELECTRON MICROSCOPY,3.97,2025-02-12T00:00:00.000+00:00,
9lw5,ELECTRON MICROSCOPY,2.87,2025-02-13T00:00:00.000+00:00,
9lwc,ELECTRON MICROSCOPY,2.9,2025-02-14T00:00:00.000+00:00,
9lyb,ELECTRON MICROSCOPY,3.16,2025-02-19T00:00:00.000+00:00,
9lyc,ELECTRON MICROSCOPY,3.06,2025-02-19T00:00:00.000+00:00,
9m0j,ELECTRON MICROSCOPY,2.9,2025-02-24T00:00:00.000+00:00,
9m0x,ELECTRON MICROSCOPY,2.71,2025-02-25T00:00:00.000+00:00,
9m0z,ELECTRON MICROSCOPY,2.74,2025-02-25T00:00:00.000+00:00,
9m1p,ELECTRON MICROSCOPY,2.8,2025-02-26T00:00:00.000+00:00,
9m1r,ELECTRON MICROSCOPY,2.66,2025-02-26T00:00:00.000+00:00,
9m1s,ELECTRON MICROSCOPY,2.65,2025-02-26T00:00:00.000+00:00,
9m1u,ELECTRON MICROSCOPY,2.64,2025-02-26T00:00:00.000+00:00,
9m2o,ELECTRON MICROSCOPY,2.59,2025-02-28T00:00:00.000+00:00,
9m2s,ELECTRON MICROSCOPY,2.78,2025-02-28T00:00:00.000+00:00,
9m3q,ELECTRON MICROSCOPY,2.74,2025-03-03T00:00:00.000+00:00,
9m3s,ELECTRON MICROSCOPY,2.83,2025-03-03T00:00:00.000+00:00,
9m40,ELECTRON MICROSCOPY,2.72,2025-03-03T00:00:00.000+00:00,
9m42,ELECTRON MICROSCOPY,3.2,2025-03-03T00:00:00.000+00:00,
9m5d,X-RAY DIFFRACTION,3.57,2025-03-05T00:00:00.000+00:00,
9m6j,X-RAY DIFFRACTION,2.0,2025-03-07T00:00:00.000+00:00,
9m6o,X-RAY DIFFRACTION,1.49,2025-03-07T00:00:00.000+00:00,
9mfg,X-RAY DIFFRACTION,2.85,2024-12-09T00:00:00.000+00:00,
9min,X-RAY DIFFRACTION,2.05,2024-12-13T00:00:00.000+00:00,
9mj4,ELECTRON MICROSCOPY,3.7,2024-12-13T00:00:00.000+00:00,
9mnx,ELECTRON MICROSCOPY,3.11,2024-12-24T00:00:00.000+00:00,
9mny,ELECTRON MICROSCOPY,2.78,2024-12-24T00:00:00.000+00:00,
9mnz,ELECTRON MICROSCOPY,2.73,2024-12-24T00:00:00.000+00:00,
9mo0,ELECTRON MICROSCOPY,2.83,2024-12-24T00:00:00.000+00:00,
9mqi,ELECTRON MICROSCOPY,3.3,2025-01-03T00:00:00.000+00:00,
9mqk,ELECTRON MICROSCOPY,3.18,2025-01-03T00:00:00.000+00:00,
9mte,ELECTRON MICROSCOPY,2.66,2025-01-11T00:00:00.000+00:00,
9mtx,ELECTRON MICROSCOPY,3.06,2025-01-12T00:00:00.000+00:00,
9mvu,ELECTRON MICROSCOPY,2.2,2025-01-16T00:00:00.000+00:00,
9mw5,ELECTRON MICROSCOPY,2.1,2025-01-16T00:00:00.000+00:00,
9mxu,ELECTRON MICROSCOPY,2.5,2025-01-20T00:00:00.000+00:00,
9my8,ELECTRON MICROSCOPY,2.3,2025-01-21T00:00:00.000+00:00,
9mze,ELECTRON MICROSCOPY,2.2,2025-01-22T00:00:00.000+00:00,
9mzf,ELECTRON MICROSCOPY,2.5,2025-01-22T00:00:00.000+00:00,
9mzg,ELECTRON MICROSCOPY,3.0,2025-01-22T00:00:00.000+00:00,
9n04,ELECTRON MICROSCOPY,2.3,2025-01-23T00:00:00.000+00:00,
9n05,ELECTRON MICROSCOPY,2.2,2025-01-23T00:00:00.000+00:00,
9n09,ELECTRON MICROSCOPY,2.57,2025-01-23T00:00:00.000+00:00,
9n0e,ELECTRON MICROSCOPY,2.3,2025-01-24T00:00:00.000+00:00,
9n1p,ELECTRON MICROSCOPY,2.9,2025-01-26T00:00:00.000+00:00,
9n1q,ELECTRON MICROSCOPY,3.0,2025-01-26T00:00:00.000+00:00,
9n29,ELECTRON MICROSCOPY,2.6,2025-01-28T00:00:00.000+00:00,
9n2i,ELECTRON MICROSCOPY,3.0,2025-01-28T00:00:00.000+00:00,
9nn9,X-RAY DIFFRACTION,2.59,2025-03-05T00:00:00.000+00:00,
9nox,ELECTRON MICROSCOPY,3.0,2025-03-10T00:00:00.000+00:00,
9npt,ELECTRON MICROSCOPY,2.98,2025-03-11T00:00:00.000+00:00,
9nrj,ELECTRON MICROSCOPY,3.4,2025-03-14T00:00:00.000+00:00,
9nrx,ELECTRON MICROSCOPY,4.6,2025-03-14T00:00:00.000+00:00,
9nry,ELECTRON MICROSCOPY,6.0,2025-03-14T00:00:00.000+00:00,
9nrz,ELECTRON MICROSCOPY,4.3,2025-03-14T00:00:00.000+00:00,
9nsd,X-RAY DIFFRACTION,3.14,2025-03-16T00:00:00.000+00:00,
9ntq,ELECTRON MICROSCOPY,4.04,2025-03-18T00:00:00.000+00:00,
9o38,ELECTRON MICROSCOPY,3.0,2025-04-06T00:00:00.000+00:00,
9o5s,X-RAY DIFFRACTION,2.27,2025-04-10T00:00:00.000+00:00,
9obn,X-RAY DIFFRACTION,2.5,2025-04-22T00:00:00.000+00:00,
9opr,ELECTRON MICROSCOPY,3.2,2025-05-19T00:00:00.000+00:00,
9ot6,ELECTRON MICROSCOPY,3.54,2025-05-26T00:00:00.000+00:00,
9p6x,ELECTRON MICROSCOPY,2.92,2025-06-20T00:00:00.000+00:00,
9p92,ELECTRON MICROSCOPY,3.8,2025-06-24T00:00:00.000+00:00,
9p93,ELECTRON MICROSCOPY,3.2,2025-06-24T00:00:00.000+00:00,
9p94,ELECTRON MICROSCOPY,3.0,2025-06-24T00:00:00.000+00:00,
9pee,ELECTRON MICROSCOPY,3.35,2025-07-02T00:00:00.000+00:00,
9pi7,ELECTRON MICROSCOPY,2.05,2025-07-10T00:00:00.000+00:00,
9pi8,ELECTRON MICROSCOPY,2.11,2025-07-10T00:00:00.000+00:00,
9pkv,ELECTRON MICROSCOPY,2.72,2025-07-14T00:00:00.000+00:00,
9pum,ELECTRON MICROSCOPY,2.8,2025-07-31T00:00:00.000+00:00,
9pup,ELECTRON MICROSCOPY,3.2,2025-07-31T00:00:00.000+00:00,
9pxu,ELECTRON MICROSCOPY,3.4,2025-08-06T00:00:00.000+00:00,
9pym,ELECTRON MICROSCOPY,2.98,2025-08-07T00:00:00.000+00:00,
9pzz,X-RAY DIFFRACTION,1.56,2025-08-12T00:00:00.000+00:00,
9q00,X-RAY DIFFRACTION,2.84,2025-08-12T00:00:00.000+00:00,
9q6h,ELECTRON MICROSCOPY,3.1,2025-08-22T00:00:00.000+00:00,
9q6n,ELECTRON MICROSCOPY,2.8,2025-08-22T00:00:00.000+00:00,
9q6y,ELECTRON MICROSCOPY,3.8,2025-08-22T00:00:00.000+00:00,
9q6z,ELECTRON MICROSCOPY,3.7,2025-08-22T00:00:00.000+00:00,
9q9n,ELECTRON MICROSCOPY,3.0,2025-02-26T00:00:00.000+00:00,
9q9s,ELECTRON MICROSCOPY,2.7,2025-02-26T00:00:00.000+00:00,
9qbj,ELECTRON MICROSCOPY,3.2,2025-03-03T00:00:00.000+00:00,
9qjp,ELECTRON MICROSCOPY,3.22,2025-03-19T00:00:00.000+00:00,
9qjr,ELECTRON MICROSCOPY,2.92,2025-03-19T00:00:00.000+00:00,
9qjx,ELECTRON MICROSCOPY,2.7,2025-03-19T00:00:00.000+00:00,
9qk2,ELECTRON MICROSCOPY,3.5,2025-03-19T00:00:00.000+00:00,
9qpy,ELECTRON MICROSCOPY,4.3,2025-03-31T00:00:00.000+00:00,
9qqs,ELECTRON MICROSCOPY,2.65,2025-04-02T00:00:00.000+00:00,
9qru,ELECTRON MICROSCOPY,3.03,2025-04-04T00:00:00.000+00:00,
9qs6,ELECTRON MICROSCOPY,3.3,2025-04-04T00:00:00.000+00:00,
9qsh,ELECTRON MICROSCOPY,3.5,2025-04-04T00:00:00.000+00:00,
9qt3,X-RAY DIFFRACTION,2.9,2025-04-07T00:00:00.000+00:00,
9qty,ELECTRON MICROSCOPY,2.98,2025-04-09T00:00:00.000+00:00,
9qzq,ELECTRON MICROSCOPY,3.11,2025-04-23T00:00:00.000+00:00,
9r19,X-RAY DIFFRACTION,2.69,2025-04-25T00:00:00.000+00:00,
9r8o,ELECTRON MICROSCOPY,3.3,2025-05-16T00:00:00.000+00:00,
9rcw,ELECTRON MICROSCOPY,3.3,2025-05-30T00:00:00.000+00:00,
9rma,ELECTRON MICROSCOPY,3.94,2025-06-18T00:00:00.000+00:00,
9rmk,ELECTRON MICROSCOPY,3.3,2025-06-18T00:00:00.000+00:00,
9rn6,X-RAY DIFFRACTION,2.4,2025-06-19T00:00:00.000+00:00,
9rsj,ELECTRON MICROSCOPY,3.1,2025-07-01T00:00:00.000+00:00,
9rxi,X-RAY DIFFRACTION,2.59,2025-07-11T00:00:00.000+00:00,
9rye,ELECTRON MICROSCOPY,3.02,2025-07-15T00:00:00.000+00:00,
9ryf,ELECTRON MICROSCOPY,3.02,2025-07-15T00:00:00.000+00:00,
9s35,ELECTRON MICROSCOPY,3.0,2025-07-23T00:00:00.000+00:00,
9s36,ELECTRON MICROSCOPY,3.4,2025-07-23T00:00:00.000+00:00,
9s37,ELECTRON MICROSCOPY,3.94,2025-07-23T00:00:00.000+00:00,
9s38,ELECTRON MICROSCOPY,3.94,2025-07-23T00:00:00.000+00:00,
9s6k,X-RAY DIFFRACTION,3.15,2025-08-01T00:00:00.000+00:00,
9s7s,ELECTRON MICROSCOPY,3.3,2025-08-05T00:00:00.000+00:00,
9s8l,ELECTRON MICROSCOPY,3.3,2025-08-05T00:00:00.000+00:00,
9sf4,ELECTRON MICROSCOPY,2.6,2025-08-19T00:00:00.000+00:00,
9shd,X-RAY DIFFRACTION,1.9,2025-08-26T00:00:00.000+00:00,
9shv,ELECTRON MICROSCOPY,2.87,2025-08-28T00:00:00.000+00:00,
9shw,ELECTRON MICROSCOPY,2.79,2025-08-28T00:00:00.000+00:00,
9sl1,ELECTRON MICROSCOPY,2.68,2025-09-02T00:00:00.000+00:00,
9sld,ELECTRON MICROSCOPY,3.04,2025-09-03T00:00:00.000+00:00,
9slq,X-RAY DIFFRACTION,2.33,2025-09-04T00:00:00.000+00:00,
9t0e,ELECTRON MICROSCOPY,2.3,2025-10-17T00:00:00.000+00:00,
9t3y,ELECTRON MICROSCOPY,3.44,2025-10-30T00:00:00.000+00:00,
9t5n,ELECTRON MICROSCOPY,3.02,2025-11-05T00:00:00.000+00:00,
9t5o,ELECTRON MICROSCOPY,3.16,2025-11-05T00:00:00.000+00:00,
9t5q,X-RAY DIFFRACTION,1.6,2025-11-05T00:00:00.000+00:00,
9t5v,ELECTRON MICROSCOPY,3.06,2025-11-06T00:00:00.000+00:00,
9t9m,ELECTRON MICROSCOPY,3.09,2025-11-16T00:00:00.000+00:00,
9th6,X-RAY DIFFRACTION,2.267,2025-12-02T00:00:00.000+00:00,
9tns,ELECTRON MICROSCOPY,2.8,2025-12-16T00:00:00.000+00:00,
9ty2,X-RAY DIFFRACTION,1.75,2026-01-16T00:00:00.000+00:00,
9u5c,ELECTRON MICROSCOPY,2.25,2025-03-21T00:00:00.000+00:00,
9u9v,ELECTRON MICROSCOPY,2.85,2025-03-29T00:00:00.000+00:00,
9uaq,ELECTRON MICROSCOPY,2.29,2025-04-01T00:00:00.000+00:00,
9ub6,X-RAY DIFFRACTION,2.89,2025-04-02T00:00:00.000+00:00,
9ubr,ELECTRON MICROSCOPY,2.62,2025-04-03T00:00:00.000+00:00,
9ucl,ELECTRON MICROSCOPY,2.43,2025-04-04T00:00:00.000+00:00,
9ucp,ELECTRON MICROSCOPY,2.88,2025-04-05T00:00:00.000+00:00,
9uev,ELECTRON MICROSCOPY,3.62,2025-04-09T00:00:00.000+00:00,
9ulm,X-RAY DIFFRACTION,2.01,2025-04-20T00:00:00.000+00:00,
9uln,X-RAY DIFFRACTION,2.94,2025-04-20T00:00:00.000+00:00,
9ulp,X-RAY DIFFRACTION,2.55,2025-04-20T00:00:00.000+00:00,
9uo0,X-RAY DIFFRACTION,2.5,2025-04-24T00:00:00.000+00:00,
9uoc,X-RAY DIFFRACTION,3.24,2025-04-25T00:00:00.000+00:00,
9uoi,X-RAY DIFFRACTION,1.96,2025-04-25T00:00:00.000+00:00,
9uok,ELECTRON MICROSCOPY,3.05,2025-04-25T00:00:00.000+00:00,
9uuf,X-RAY DIFFRACTION,4.37,2025-05-06T00:00:00.000+00:00,
9uy3,ELECTRON MICROSCOPY,2.52,2025-05-14T00:00:00.000+00:00,
9uyh,ELECTRON MICROSCOPY,3.3,2025-05-15T00:00:00.000+00:00,
9uyi,ELECTRON MICROSCOPY,3.2,2025-05-15T00:00:00.000+00:00,
9uyj,ELECTRON MICROSCOPY,3.3,2025-05-15T00:00:00.000+00:00,
9uyl,ELECTRON MICROSCOPY,3.3,2025-05-15T00:00:00.000+00:00,
9uym,ELECTRON MICROSCOPY,3.5,2025-05-15T00:00:00.000+00:00,
9uyn,ELECTRON MICROSCOPY,2.9,2025-05-15T00:00:00.000+00:00,
9v0o,X-RAY DIFFRACTION,2.7,2025-05-18T00:00:00.000+00:00,
9v2n,ELECTRON MICROSCOPY,2.63,2025-05-20T00:00:00.000+00:00,
9vh4,ELECTRON MICROSCOPY,2.8,2025-06-16T00:00:00.000+00:00,
9vh5,ELECTRON MICROSCOPY,2.7,2025-06-16T00:00:00.000+00:00,
9vmg,ELECTRON MICROSCOPY,2.82,2025-06-27T00:00:00.000+00:00,
9vor,ELECTRON MICROSCOPY,3.47,2025-07-02T00:00:00.000+00:00,
9vos,ELECTRON MICROSCOPY,4.3,2025-07-02T00:00:00.000+00:00,
9vt4,ELECTRON MICROSCOPY,2.96,2025-07-09T00:00:00.000+00:00,
9vts,ELECTRON MICROSCOPY,2.56,2025-07-11T00:00:00.000+00:00,
9vud,X-RAY DIFFRACTION,2.69,2025-07-12T00:00:00.000+00:00,
9vup,X-RAY DIFFRACTION,2.52,2025-07-13T00:00:00.000+00:00,
9vwo,X-RAY DIFFRACTION,2.45,2025-07-17T00:00:00.000+00:00,
9vwp,X-RAY DIFFRACTION,3.03,2025-07-17T00:00:00.000+00:00,
9vxh,X-RAY DIFFRACTION,2.5,2025-07-18T00:00:00.000+00:00,
9vz2,ELECTRON MICROSCOPY,3.12,2025-07-21T00:00:00.000+00:00,
9vz3,ELECTRON MICROSCOPY,3.14,2025-07-21T00:00:00.000+00:00,
9w1j,ELECTRON MICROSCOPY,2.97,2025-07-25T00:00:00.000+00:00,
9w2g,ELECTRON MICROSCOPY,3.4,2025-07-27T00:00:00.000+00:00,
9w2h,ELECTRON MICROSCOPY,3.12,2025-07-27T00:00:00.000+00:00,
9w2i,ELECTRON MICROSCOPY,2.93,2025-07-28T00:00:00.000+00:00,
9w2j,ELECTRON MICROSCOPY,2.82,2025-07-28T00:00:00.000+00:00,
9w3f,ELECTRON MICROSCOPY,3.04,2025-07-29T00:00:00.000+00:00,
9w3k,ELECTRON MICROSCOPY,3.08,2025-07-29T00:00:00.000+00:00,
9w3l,ELECTRON MICROSCOPY,2.76,2025-07-29T00:00:00.000+00:00,
9w45,ELECTRON MICROSCOPY,3.2,2025-07-30T00:00:00.000+00:00,
9w7j,ELECTRON MICROSCOPY,2.97,2025-08-06T00:00:00.000+00:00,
9w89,ELECTRON MICROSCOPY,2.89,2025-08-07T00:00:00.000+00:00,
9w8a,ELECTRON MICROSCOPY,2.95,2025-08-07T00:00:00.000+00:00,
9weu,ELECTRON MICROSCOPY,2.65,2025-08-20T00:00:00.000+00:00,
9wey,ELECTRON MICROSCOPY,3.3,2025-08-20T00:00:00.000+00:00,
9wg0,ELECTRON MICROSCOPY,2.59,2025-08-22T00:00:00.000+00:00,
9wg4,ELECTRON MICROSCOPY,3.29,2025-08-22T00:00:00.000+00:00,
9wg6,ELECTRON MICROSCOPY,2.44,2025-08-22T00:00:00.000+00:00,
9wp9,ELECTRON MICROSCOPY,3.25,2025-09-08T00:00:00.000+00:00,
9wpi,X-RAY DIFFRACTION,1.82,2025-09-09T00:00:00.000+00:00,
9wpm,ELECTRON MICROSCOPY,2.6,2025-09-09T00:00:00.000+00:00,
9xjw,ELECTRON MICROSCOPY,2.53,2025-11-05T00:00:00.000+00:00,
9xou,ELECTRON MICROSCOPY,2.5,2025-11-15T00:00:00.000+00:00,
9xxt,ELECTRON MICROSCOPY,2.0,2025-12-01T00:00:00.000+00:00,
9xzx,ELECTRON MICROSCOPY,3.1,2025-08-27T00:00:00.000+00:00,
9y3i,X-RAY DIFFRACTION,1.8,2025-09-02T00:00:00.000+00:00,
9yc3,X-RAY DIFFRACTION,2.8,2025-09-18T00:00:00.000+00:00,
9ydp,ELECTRON MICROSCOPY,1.95,2025-09-23T00:00:00.000+00:00,
9ydq,ELECTRON MICROSCOPY,1.94,2025-09-23T00:00:00.000+00:00,
9ydr,ELECTRON MICROSCOPY,2.14,2025-09-23T00:00:00.000+00:00,
9yfu,ELECTRON MICROSCOPY,3.08,2025-09-26T00:00:00.000+00:00,
9yp2,X-RAY DIFFRACTION,2.09,2025-10-13T00:00:00.000+00:00,
9yq2,ELECTRON MICROSCOPY,2.9,2025-10-15T00:00:00.000+00:00,
9yq4,ELECTRON MICROSCOPY,3.3,2025-10-15T00:00:00.000+00:00,
9yq5,ELECTRON MICROSCOPY,2.8,2025-10-15T00:00:00.000+00:00,
9ytd,ELECTRON MICROSCOPY,2.5,2025-10-20T00:00:00.000+00:00,
9ytf,ELECTRON MICROSCOPY,2.6,2025-10-20T00:00:00.000+00:00,
9yxd,X-RAY DIFFRACTION,2.29,2025-10-27T00:00:00.000+00:00,
9z1m,ELECTRON MICROSCOPY,3.06,2025-11-04T00:00:00.000+00:00,
9z1n,ELECTRON MICROSCOPY,3.44,2025-11-04T00:00:00.000+00:00,
9z3j,ELECTRON MICROSCOPY,2.8,2025-11-06T00:00:00.000+00:00,
9z5q,ELECTRON MICROSCOPY,3.06,2025-11-12T00:00:00.000+00:00,
9zen,ELECTRON MICROSCOPY,3.17,2025-11-30T00:00:00.000+00:00,
9zeo,ELECTRON MICROSCOPY,3.1,2025-11-30T00:00:00.000+00:00,
9zg5,X-RAY DIFFRACTION,3.4,2025-12-02T00:00:00.000+00:00,
9zz6,ELECTRON MICROSCOPY,4.16,2026-01-06T00:00:00.000+00:00,
9zzo,ELECTRON MICROSCOPY,2.6,2026-01-07T00:00:00.000+00:00,
